treatment,site
Control,205
Control,205
Control,205
Control,205
Control,205
Control,205
Control,205
Control,205
Control,205
Control,205
Control,205
Control,205
Control,205
Control,205
Control,205
Control,205
Control,205
Control,205
Control,205
Control,205
Control,205
Control,205
Control,205
Control,205
Control,205
Control,205
Control,205
Control,205
Control,205
Control,205
Control,205
Control,205
Control,205
Control,205
Control,205
Control,205
Control,205
Control,205
Control,205
Control,205
Control,205
Control,205
Control,205
Control,205
Control,205
Control,205
Control,205
Control,205
Control,205
Control,205
Control,205
Control,205
Control,205
Control,205
Control,205
Control,205
Control,205
Control,205
Control,205
Control,205
Control,205
Control,205
Control,205
Control,205
Control,205
Control,205
Control,205
Control,205
Control,205
Control,205
Control,205
Control,205
Control,205
Control,205
Control,205
Control,205
Control,205
Control,205
Control,205
Control,205
Control,205
Control,205
Control,205
Control,205
Control,205
Control,205
Control,205
Control,205
Control,205
Control,205
Control,205
Control,205
Control,205
Control,205
Control,205
Control,205
Control,205
Control,205
Control,205
Control,205
Control,205
Control,205
Control,205
Control,205
Control,205
Control,205
Control,205
Control,205
Control,205
Control,205
Control,205
Control,205
Control,205
Control,205
Control,205
Control,205
Control,205
Control,205
Control,205
Control,205
Control,205
Control,205
Control,205
Control,205
Control,205
Control,205
Control,205
Control,205
Control,205
Control,205
Control,205
Control,205
Control,205
Control,205
Control,205
Control,205
Control,205
Control,205
Control,205
Control,205
Control,205
Control,205
Control,205
Control,205
Control,205
Control,205
Control,205
Control,205
Control,205
Control,205
Control,205
Control,205
Control,205
Control,205
Control,205
Control,205
Control,205
Control,205
Control,205
Control,205
Control,205
Control,205
Control,205
Control,205
Control,205
Control,205
Control,205
Control,205
Control,205
Control,205
Control,205
Control,205
Control,205
Control,205
Control,205
Control,205
Control,205
Control,205
Control,205
Control,205
Control,205
Control,205
Control,205
Control,205
Control,205
Control,205
Control,205
Control,205
Control,205
Control,205
Control,205
Control,205
Control,205
Control,205
Control,205
Control,205
Control,205
Control,205
Control,205
Control,205
Control,205
Control,205
Control,205
Control,205
Control,205
Control,205
Control,205
Control,205
Control,205
Control,205
Control,205
Control,205
Control,205
Control,205
Control,205
Control,205
Control,205
Control,205
Control,205
Control,205
Control,205
Control,205
Control,205
Control,205
Control,205
Control,205
Control,205
Control,205
Control,205
Control,205
Control,205
Control,205
Control,205
Control,205
Control,205
Control,205
Control,205
Control,205
Control,205
Control,205
Control,205
Control,205
Control,205
Control,205
Control,205
Control,205
Control,205
Control,205
Control,205
Control,205
Control,205
Control,205
Control,205
Control,205
Control,205
Control,205
Control,205
Control,205
Control,205
Control,205
Control,205
Control,205
Control,205
Control,205
Control,205
Control,205
Control,205
Control,205
Control,205
Control,205
Control,205
Control,205
Control,205
Control,205
Control,205
Control,205
Control,205
Control,205
Control,205
Control,205
Control,205
Control,205
Control,205
Control,205
Control,205
Control,205
Control,205
Control,205
Control,205
Control,205
Control,205
Control,205
Control,205
Control,205
Control,205
Control,205
Control,205
Control,205
Control,205
Control,205
Control,205
Control,205
Control,205
Control,205
Control,205
Control,205
Control,205
Control,205
Control,205
Control,205
Control,205
Control,205
Control,205
Control,205
Control,205
Control,205
Control,205
Control,205
Control,205
Control,205
Control,205
Control,205
Control,205
Control,205
Control,205
Control,205
Control,205
Control,205
Control,205
Control,205
Control,205
Control,205
Control,205
Control,205
Control,205
Control,205
Control,205
Control,205
Control,205
Control,205
Control,205
Control,205
Control,205
Control,205
Control,205
Control,205
Control,205
Control,205
Control,205
Control,205
Control,205
Control,205
Control,205
Control,205
Control,205
Control,205
Control,205
Control,205
Control,205
Control,205
Control,205
Control,205
Control,205
Control,205
Control,205
Control,205
Control,205
Control,205
Control,205
Control,205
Control,205
Control,205
Control,205
Control,205
Control,205
Control,205
Control,205
Control,205
Control,205
Control,205
Control,205
Control,205
Control,205
Control,205
Control,205
Control,205
Control,205
Control,205
Control,205
Control,205
Control,205
Control,205
Control,205
Control,205
Control,205
Control,205
Control,205
Control,205
Control,205
Control,205
Control,205
Control,205
Control,205
Control,205
Control,205
Control,205
Control,205
Control,205
Control,205
Control,205
Control,205
Control,205
Control,205
Control,205
Control,205
Control,205
Control,205
Control,205
Control,205
Control,205
Control,205
Control,205
Control,205
Control,205
Control,205
Control,205
Control,205
Control,205
Control,205
Control,205
Control,205
Control,205
Control,205
Control,205
Control,205
Control,205
Control,205
Control,205
Control,205
Control,205
Control,205
Control,205
Control,205
Control,205
Control,205
Control,205
Control,205
Control,205
Control,205
Control,205
Control,205
Control,205
Control,205
Control,205
Control,205
Control,205
Control,205
Control,205
Control,205
Control,205
Control,205
Control,205
Control,205
Control,205
Control,205
Control,205
Control,205
Control,205
Control,205
Control,205
Control,205
Control,205
Control,205
Control,205
Control,205
Control,205
Control,205
Control,205
Control,205
Control,205
Control,205
Control,205
Control,205
Control,205
Control,205
Control,205
Control,205
Control,205
Control,205
Control,205
Control,205
Control,205
Control,205
Control,205
Control,205
Control,205
Control,205
Control,205
Control,205
Control,205
Control,205
Control,205
Control,205
Control,205
Control,205
Control,205
Control,205
Control,205
Control,205
Control,205
Control,205
Control,205
Control,205
Control,205
Control,205
Control,205
Control,205
Control,205
Control,205
Control,205
Control,205
Control,205
Control,205
Control,205
Control,205
Control,205
Control,205
Control,205
Control,205
Control,205
Control,205
Control,205
Control,205
Control,205
Control,205
Control,205
Control,205
Control,205
Control,205
Control,205
Control,205
Control,205
Control,205
Control,205
Control,205
Control,205
Control,205
Control,205
Control,205
Control,205
Control,205
Control,205
Control,205
Control,205
Control,205
Control,205
Control,205
Control,205
Control,205
Control,205
Control,205
Control,205
Control,205
Control,205
Control,205
Control,205
Control,205
Control,205
Control,205
Control,205
Control,205
Control,205
Control,205
Control,205
Control,205
Control,205
Control,205
Control,205
Control,205
Control,205
Control,205
Control,205
Control,205
Control,205
Control,205
Control,205
Control,205
Control,205
Control,205
Control,205
Control,205
Control,205
Control,205
Control,205
Control,205
Control,205
Control,205
Control,205
Control,205
Control,205
Control,205
Control,205
Control,205
Control,205
Control,205
Control,205
Control,205
Control,205
Control,205
Control,205
Control,205
Control,205
Control,205
Control,205
Control,205
Control,205
Control,205
Control,205
Control,205
Control,205
Control,205
Control,205
Control,205
Control,205
Control,205
Control,205
Control,205
Control,205
Control,205
Control,205
Control,205
Control,205
Control,205
Control,205
Control,205
Control,205
Control,205
Control,205
Control,205
Control,205
Control,205
Control,205
Control,205
Control,205
Control,205
Control,205
Control,205
Control,205
Control,205
Control,205
Control,205
Control,205
Control,205
Control,205
Control,205
Control,205
Control,205
Control,205
Control,205
Control,205
Control,205
Control,205
Control,205
Control,205
Control,205
Control,205
Control,205
Control,205
Control,205
Control,205
Control,205
Control,205
Control,205
Control,205
Control,205
Control,205
Control,205
Control,205
Control,205
Control,205
Control,205
Control,205
Control,205
Control,205
Control,205
Control,205
Control,205
Control,205
Control,205
Control,205
Control,205
Control,205
Control,205
Control,205
Control,205
Control,205
Control,205
Control,205
Control,205
Control,205
Control,205
Control,205
Control,205
Control,205
Control,205
Control,205
Control,205
Control,205
Control,205
Control,205
Control,205
Control,205
Control,205
Control,205
Control,205
Control,205
Control,205
Control,205
Control,205
Control,205
Control,205
Control,205
Control,205
Control,205
Control,205
Control,205
Control,205
Control,205
Control,205
Control,205
Control,205
Control,205
Control,205
Control,205
Control,205
Control,205
Control,205
Control,205
Control,205
Control,205
Control,205
Control,205
Control,205
Control,205
Control,205
Control,205
Control,205
Control,205
Control,205
Control,205
Control,205
Control,205
Control,205
Control,205
Control,205
Control,205
Control,205
Control,205
Control,205
Control,205
Control,205
Control,205
Control,205
Control,205
Control,205
Control,205
Control,205
Control,205
Control,205
Control,205
Control,205
Control,205
Control,205
Control,205
Control,205
Control,205
Control,205
Control,205
Control,205
Control,205
Control,205
Control,205
Control,205
Control,205
Control,205
Control,205
Control,205
Control,205
Control,205
Control,205
Control,205
Control,205
Control,205
Control,205
Control,205
Control,205
Control,205
Control,205
Control,205
Control,205
Control,205
Control,205
Control,205
Control,205
Control,205
Control,205
Control,205
Control,205
Control,205
Control,205
Control,205
Control,205
Control,205
Control,205
Control,205
Control,205
Control,205
Control,205
Control,205
Control,205
Control,205
Control,205
Control,205
Control,205
Control,205
Control,205
Control,205
Control,205
Control,205
Control,205
Control,205
Control,205
Control,205
Control,205
Control,205
Control,205
Control,205
Control,205
Control,205
Control,205
Control,205
Control,205
Control,205
Control,205
Control,205
Control,205
Control,205
Control,205
Control,205
Control,205
Control,205
Control,205
Control,205
Control,205
Control,205
Control,205
Control,205
Control,205
Control,205
Control,205
Control,205
Control,205
Control,205
Control,205
Control,205
Control,205
Control,205
Control,205
Control,205
Control,205
Control,205
Control,205
Control,205
Control,205
Control,205
Control,205
Control,205
Control,205
Control,837
Control,837
Control,837
Control,837
Control,837
Control,837
Control,837
Control,837
Control,837
Control,837
Control,837
Control,837
Control,837
Control,837
Control,837
Control,837
Control,837
Control,837
Control,837
Control,837
Control,837
Control,837
Control,837
Control,837
Control,837
Control,837
Control,837
Control,837
Control,837
Control,837
Control,837
Control,837
Control,837
Control,837
Control,837
Control,837
Control,837
Control,837
Control,837
Control,837
Control,837
Control,837
Control,837
Control,837
Control,837
Control,837
Control,837
Control,837
Control,837
Control,837
Control,837
Control,837
Control,837
Control,837
Control,837
Control,837
Control,837
Control,837
Control,837
Control,837
Control,837
Control,837
Control,837
Control,837
Control,837
Control,837
Control,837
Control,837
Control,837
Control,837
Control,837
Control,837
Control,837
Control,837
Control,837
Control,837
Control,837
Control,837
Control,837
Control,837
Control,837
Control,837
Control,837
Control,837
Control,837
Control,837
Control,837
Control,837
Control,837
Control,837
Control,837
Control,837
Control,837
Control,837
Control,837
Control,837
Control,837
Control,837
Control,837
Control,837
Control,837
Control,837
Control,837
Control,837
Control,837
Control,837
Control,837
Control,837
Control,837
Control,837
Control,837
Control,837
Control,837
Control,837
Control,837
Control,837
Control,837
Control,837
Control,837
Control,837
Control,837
Control,837
Control,837
Control,837
Control,837
Control,837
Control,837
Control,837
Control,837
Control,837
Control,837
Control,837
Control,837
Control,837
Control,837
Control,837
Control,837
Control,837
Control,837
Control,837
Control,837
Control,837
Control,837
Control,837
Control,837
Control,837
Control,837
Control,837
Control,837
Control,837
Control,837
Control,837
Control,837
Control,837
Control,837
Control,837
Control,837
Control,837
Control,837
Control,837
Control,837
Control,837
Control,837
Control,837
Control,837
Control,837
Control,837
Control,837
Control,837
Control,837
Control,837
Control,837
Control,837
Control,837
Control,837
Control,837
Control,837
Control,837
Control,837
Control,837
Control,837
Control,837
Control,837
Control,837
Control,837
Control,837
Control,837
Control,837
Control,837
Control,837
Control,837
Control,837
Control,837
Control,837
Control,837
Control,837
Control,837
Control,837
Control,837
Control,837
Control,837
Control,837
Control,837
Control,837
Control,837
Control,837
Control,837
Control,837
Control,837
Control,837
Control,837
Control,837
Control,837
Control,837
Control,837
Control,837
Control,837
Control,837
Control,837
Control,837
Control,837
Control,837
Control,837
Control,837
Control,837
Control,837
Control,837
Control,837
Control,837
Control,837
Control,837
Control,837
Control,837
Control,837
Control,837
Control,837
Control,837
Control,837
Control,837
Control,837
Control,837
Control,837
Control,837
Control,837
Control,837
Control,837
Control,837
Control,837
Control,837
Control,837
Control,837
Control,837
Control,837
Control,837
Control,837
Control,837
Control,837
Control,837
Control,837
Control,837
Control,837
Control,837
Control,837
Control,837
Control,837
Control,837
Control,837
Control,837
Control,837
Control,837
Control,837
Control,837
Control,837
Control,837
Control,837
Control,837
Control,837
Control,837
Control,837
Control,837
Control,837
Control,837
Control,837
Control,837
Control,837
Control,837
Control,837
Control,837
Control,837
Control,837
Control,837
Control,837
Control,837
Control,837
Control,837
Control,837
Control,837
Control,837
Control,837
Control,837
Control,837
Control,837
Control,837
Control,837
Control,837
Control,837
Control,837
Control,837
Control,837
Control,837
Control,837
Control,837
Control,837
Control,837
Control,837
Control,837
Control,837
Control,837
Control,837
Control,837
Control,837
Control,837
Control,837
Control,837
Control,837
Control,837
Control,837
Control,837
Control,837
Control,837
Control,837
Control,837
Control,837
Control,837
Control,837
Control,837
Control,837
Control,837
Control,837
Control,837
Control,837
Control,837
Control,837
Control,837
Control,837
Control,837
Control,837
Control,837
Control,837
Control,837
Control,837
Control,837
Control,837
Control,837
Control,837
Control,837
Control,837
Control,837
Control,837
Control,837
Control,837
Control,837
Control,837
Control,837
Control,837
Control,837
Control,837
Control,837
Control,837
Control,837
Control,837
Control,837
Control,837
Control,837
Control,837
Control,837
Control,837
Control,837
Control,837
Control,837
Control,837
Control,837
Control,837
Control,837
Control,837
Control,837
Control,837
Control,837
Control,837
Control,837
Control,837
Control,837
Control,837
Control,837
Control,837
Control,837
Control,837
Control,837
Control,837
Control,837
Control,837
Control,837
Control,837
Control,837
Control,837
Control,837
Control,837
Control,837
Control,837
Control,837
Control,837
Control,837
Control,837
Control,837
Control,837
Control,837
Control,837
Control,837
Control,837
Control,837
Control,837
Control,837
Control,837
Control,837
Control,837
Control,837
Control,837
Control,837
Control,837
Control,837
Control,837
Control,837
Control,837
Control,837
Control,837
Control,837
Control,837
Control,837
Control,837
Control,837
Control,837
Control,837
Control,837
Control,837
Control,837
Control,837
Control,837
Control,837
Control,837
Control,837
Control,837
Control,837
Control,837
Control,837
Control,837
Control,837
Control,837
Control,837
Control,837
Control,837
Control,837
Control,837
Control,837
Control,837
Control,837
Control,837
Control,837
Control,837
Control,837
Control,837
Control,837
Control,837
Control,837
Control,837
Control,837
Control,837
Control,837
Control,837
Control,837
Control,837
Control,837
Control,837
Control,837
Control,837
Control,837
Control,837
Control,837
Control,837
Control,837
Control,837
Control,837
Control,837
Control,837
Control,837
Control,837
Control,837
Control,837
Control,837
Control,837
Control,837
Control,837
Control,837
Control,837
Control,837
Control,837
Control,837
Control,837
Control,837
Control,837
Control,837
Control,837
Control,837
Control,837
Control,837
Control,837
Control,837
Control,837
Control,837
Control,837
Control,837
Control,837
Control,837
Control,837
Control,837
Control,837
Control,837
Control,837
Control,837
Control,837
Control,837
Control,837
Control,837
Control,837
Control,837
Control,837
Control,837
Control,837
Control,837
Control,837
Control,837
Control,837
Control,837
Control,837
Control,837
Control,837
Control,837
Control,837
Control,837
Control,837
Control,837
Control,837
Control,837
Control,837
Control,837
Control,837
Control,837
Control,837
Control,837
Control,837
Control,837
Control,837
Control,837
Control,837
Control,837
Control,837
Control,837
Control,837
Control,837
Control,837
Control,837
Control,837
Control,837
Control,837
Control,837
Control,837
Control,837
Control,837
Control,837
Control,837
Control,837
Control,837
Control,837
Control,837
Control,837
Control,837
Control,837
Control,837
Control,837
Control,837
Control,837
Control,837
Control,837
Control,837
Control,837
Control,837
Control,837
Control,837
Control,837
Control,837
Control,837
Control,837
Control,837
Control,837
Control,837
Control,837
Control,837
Control,837
Control,837
Control,837
Control,837
Control,837
Control,837
Control,837
Control,837
Control,837
Control,837
Control,837
Control,837
Control,837
Control,837
Control,837
Control,837
Control,837
Control,837
Control,837
Control,837
Control,837
Control,837
Control,837
Control,837
Control,837
Control,837
Control,837
Control,837
Control,837
Control,837
Control,837
Control,837
Control,837
Control,837
Control,837
Control,837
Control,837
Control,837
Control,837
Control,837
Control,837
Control,837
Control,837
Control,837
Control,837
Control,837
Control,837
Control,837
Control,837
Control,837
Control,837
Control,837
Control,837
Control,837
Control,837
Control,837
Control,837
Control,837
Control,837
Control,837
Control,837
Control,837
Control,837
Control,837
Control,837
Control,837
Control,837
Control,837
Control,837
Control,837
Control,837
Treatment,318
Treatment,318
Treatment,318
Treatment,318
Treatment,318
Treatment,318
Treatment,318
Treatment,318
Treatment,318
Treatment,318
Treatment,318
Treatment,318
Treatment,318
Treatment,318
Treatment,318
Treatment,318
Treatment,318
Treatment,318
Treatment,318
Treatment,318
Treatment,318
Treatment,318
Treatment,318
Treatment,318
Treatment,318
Treatment,318
Treatment,318
Treatment,318
Treatment,318
Treatment,318
Treatment,318
Treatment,318
Treatment,318
Treatment,318
Treatment,318
Treatment,318
Treatment,318
Treatment,318
Treatment,318
Treatment,318
Treatment,318
Treatment,318
Treatment,318
Treatment,318
Treatment,318
Treatment,318
Treatment,318
Treatment,318
Treatment,318
Treatment,318
Treatment,318
Treatment,318
Treatment,318
Treatment,318
Treatment,318
Treatment,318
Treatment,318
Treatment,318
Treatment,318
Treatment,318
Treatment,318
Treatment,318
Treatment,318
Treatment,318
Treatment,318
Treatment,318
Treatment,318
Treatment,318
Treatment,318
Treatment,318
Treatment,318
Treatment,318
Treatment,318
Treatment,318
Treatment,318
Treatment,318
Treatment,318
Treatment,318
Treatment,318
Treatment,318
Treatment,318
Treatment,318
Treatment,318
Treatment,318
Treatment,318
Treatment,318
Treatment,318
Treatment,318
Treatment,318
Treatment,318
Treatment,318
Treatment,318
Treatment,318
Treatment,318
Treatment,318
Treatment,318
Treatment,318
Treatment,318
Treatment,318
Treatment,318
Treatment,318
Treatment,318
Treatment,318
Treatment,318
Treatment,318
Treatment,318
Treatment,318
Treatment,318
Treatment,318
Treatment,318
Treatment,318
Treatment,318
Treatment,318
Treatment,318
Treatment,318
Treatment,318
Treatment,318
Treatment,318
Treatment,318
Treatment,318
Treatment,318
Treatment,318
Treatment,318
Treatment,318
Treatment,318
Treatment,318
Treatment,318
Treatment,318
Treatment,318
Treatment,318
Treatment,318
Treatment,318
Treatment,318
Treatment,318
Treatment,318
Treatment,318
Treatment,318
Treatment,318
Treatment,318
Treatment,318
Treatment,318
Treatment,318
Treatment,318
Treatment,318
Treatment,318
Treatment,318
Treatment,318
Treatment,318
Treatment,318
Treatment,318
Treatment,318
Treatment,318
Treatment,318
Treatment,318
Treatment,318
Treatment,318
Treatment,318
Treatment,318
Treatment,318
Treatment,318
Treatment,318
Treatment,318
Treatment,318
Treatment,318
Treatment,318
Treatment,318
Treatment,318
Treatment,318
Treatment,318
Treatment,318
Treatment,318
Treatment,318
Treatment,318
Treatment,318
Treatment,318
Treatment,318
Treatment,318
Treatment,318
Treatment,318
Treatment,318
Treatment,318
Treatment,318
Treatment,318
Treatment,318
Treatment,318
Treatment,318
Treatment,318
Treatment,318
Treatment,318
Treatment,318
Treatment,318
Treatment,318
Treatment,318
Treatment,318
Treatment,318
Treatment,318
Treatment,318
Treatment,318
Treatment,318
Treatment,318
Treatment,318
Treatment,318
Treatment,318
Treatment,318
Treatment,318
Treatment,318
Treatment,318
Treatment,318
Treatment,318
Treatment,318
Treatment,318
Treatment,318
Treatment,318
Treatment,318
Treatment,318
Treatment,318
Treatment,318
Treatment,318
Treatment,318
Treatment,318
Treatment,318
Treatment,318
Treatment,318
Treatment,318
Treatment,318
Treatment,318
Treatment,318
Treatment,318
Treatment,318
Treatment,318
Treatment,318
Treatment,318
Treatment,318
Treatment,318
Treatment,318
Treatment,318
Treatment,318
Treatment,318
Treatment,318
Treatment,318
Treatment,318
Treatment,318
Treatment,318
Treatment,318
Treatment,318
Treatment,318
Treatment,318
Treatment,318
Treatment,318
Treatment,318
Treatment,318
Treatment,318
Treatment,318
Treatment,318
Treatment,318
Treatment,318
Treatment,318
Treatment,318
Treatment,318
Treatment,318
Treatment,318
Treatment,318
Treatment,318
Treatment,318
Treatment,318
Treatment,318
Treatment,318
Treatment,318
Treatment,318
Treatment,318
Treatment,318
Treatment,318
Treatment,318
Treatment,318
Treatment,318
Treatment,318
Treatment,318
Treatment,318
Treatment,318
Treatment,318
Treatment,318
Treatment,318
Treatment,318
Treatment,318
Treatment,318
Treatment,318
Treatment,318
Treatment,318
Treatment,318
Treatment,318
Treatment,318
Treatment,318
Treatment,318
Treatment,318
Treatment,318
Treatment,318
Treatment,318
Treatment,318
Treatment,318
Treatment,318
Treatment,318
Treatment,318
Treatment,318
Treatment,318
Treatment,318
Treatment,318
Treatment,318
Treatment,318
Treatment,318
Treatment,318
Treatment,318
Treatment,318
Treatment,318
Treatment,318
Treatment,318
Treatment,318
Treatment,318
Treatment,318
Treatment,318
Treatment,318
Treatment,318
Treatment,318
Treatment,318
Treatment,318
Treatment,318
Treatment,318
Treatment,318
Treatment,318
Treatment,318
Treatment,318
Treatment,318
Treatment,318
Treatment,318
Treatment,318
Treatment,318
Treatment,318
Treatment,318
Treatment,318
Treatment,318
Treatment,318
Treatment,318
Treatment,318
Treatment,318
Treatment,318
Treatment,318
Treatment,318
Treatment,318
Treatment,318
Treatment,318
Treatment,318
Treatment,318
Treatment,318
Treatment,318
Treatment,318
Treatment,318
Treatment,318
Treatment,318
Treatment,318
Treatment,318
Treatment,318
Treatment,318
Treatment,318
Treatment,318
Treatment,318
Treatment,318
Treatment,318
Treatment,318
Treatment,318
Treatment,318
Treatment,318
Treatment,318
Treatment,318
Treatment,318
Treatment,318
Treatment,318
Treatment,318
Treatment,318
Treatment,318
Treatment,318
Treatment,318
Treatment,318
Treatment,318
Treatment,318
Treatment,318
Treatment,318
Treatment,318
Treatment,318
Treatment,318
Treatment,318
Treatment,318
Treatment,318
Treatment,318
Treatment,318
Treatment,318
Treatment,318
Treatment,318
Treatment,318
Treatment,318
Treatment,318
Treatment,318
Treatment,318
Treatment,318
Treatment,318
Treatment,318
Treatment,318
Treatment,318
Treatment,318
Treatment,318
Treatment,318
Treatment,318
Treatment,318
Treatment,318
Treatment,318
Treatment,318
Treatment,318
Treatment,318
Treatment,318
Treatment,318
Treatment,318
Treatment,318
Treatment,318
Treatment,318
Treatment,318
Treatment,318
Treatment,318
Treatment,318
Treatment,318
Treatment,318
Treatment,318
Treatment,318
Treatment,318
Treatment,318
Treatment,318
Treatment,318
Treatment,318
Treatment,318
Treatment,318
Treatment,318
Treatment,318
Treatment,318
Treatment,318
Treatment,318
Treatment,318
Treatment,318
Treatment,318
Treatment,318
Treatment,318
Treatment,318
Treatment,318
Treatment,318
Treatment,318
Treatment,318
Treatment,318
Treatment,318
Treatment,318
Treatment,318
Treatment,318
Treatment,318
Treatment,318
Treatment,318
Treatment,318
Treatment,318
Treatment,318
Treatment,318
Treatment,318
Treatment,318
Treatment,318
Treatment,318
Treatment,318
Treatment,318
Treatment,318
Treatment,318
Treatment,318
Treatment,318
Treatment,318
Treatment,318
Treatment,318
Treatment,318
Treatment,318
Treatment,318
Treatment,318
Treatment,318
Treatment,318
Treatment,318
Treatment,318
Treatment,318
Treatment,318
Treatment,318
Treatment,318
Treatment,318
Treatment,318
Treatment,318
Treatment,318
Treatment,318
Treatment,318
Treatment,318
Treatment,318
Treatment,318
Treatment,318
Treatment,318
Treatment,318
Treatment,318
Treatment,318
Treatment,318
Treatment,318
Treatment,318
Treatment,318
Treatment,318
Treatment,318
Treatment,318
Treatment,318
Treatment,318
Treatment,318
Treatment,318
Treatment,318
Treatment,318
Treatment,318
Treatment,318
Treatment,318
Treatment,318
Treatment,318
Treatment,318
Treatment,318
Treatment,318
Treatment,318
Treatment,318
Treatment,318
Treatment,318
Treatment,318
Treatment,318
Treatment,318
Treatment,318
Treatment,318
Treatment,318
Treatment,318
Treatment,318
Treatment,318
Treatment,318
Treatment,318
Treatment,318
Treatment,318
Treatment,318
Treatment,318
Treatment,318
Treatment,318
Treatment,318
Treatment,318
Treatment,318
Treatment,318
Treatment,318
Treatment,318
Treatment,318
Treatment,318
Treatment,318
Treatment,318
Treatment,318
Treatment,318
Treatment,318
Treatment,318
Treatment,318
Treatment,318
Treatment,318
Treatment,318
Treatment,318
Treatment,318
Treatment,318
Treatment,318
Treatment,318
Treatment,318
Treatment,318
Treatment,318
Treatment,318
Treatment,318
Treatment,318
Treatment,318
Treatment,318
Treatment,318
Treatment,318
Treatment,318
Treatment,318
Treatment,318
Treatment,318
Treatment,318
Treatment,318
Treatment,318
Treatment,318
Treatment,318
Treatment,318
Treatment,318
Treatment,318
Treatment,318
Treatment,318
Treatment,318
Treatment,318
Treatment,318
Treatment,318
Treatment,318
Treatment,318
Treatment,318
Treatment,318
Treatment,318
Treatment,318
Treatment,318
Treatment,318
Treatment,318
Treatment,318
Treatment,318
Treatment,318
Treatment,318
Treatment,318
Treatment,318
Treatment,318
Treatment,318
Treatment,318
Treatment,318
Treatment,318
Treatment,318
Treatment,318
Treatment,318
Treatment,318
Treatment,318
Treatment,318
Treatment,318
Treatment,318
Treatment,318
Treatment,318
Treatment,318
Treatment,318
Treatment,318
Treatment,318
Treatment,318
Treatment,318
Treatment,318
Treatment,318
Treatment,318
Treatment,318
Treatment,318
Treatment,318
Treatment,318
Treatment,318
Treatment,318
Treatment,318
Treatment,318
Treatment,318
Treatment,318
Treatment,318
Treatment,318
Treatment,318
Treatment,318
Treatment,318
Treatment,318
Treatment,318
Treatment,318
Treatment,318
Treatment,318
Treatment,318
Treatment,318
Treatment,318
Treatment,318
Treatment,318
Treatment,318
Treatment,318
Treatment,318
Treatment,318
Treatment,318
Treatment,318
Treatment,318
Treatment,318
Treatment,318
Treatment,318
Treatment,318
Treatment,318
Treatment,318
Treatment,318
Treatment,318
Treatment,318
Treatment,318
Treatment,318
Treatment,318
Treatment,318
Treatment,318
Treatment,318
Treatment,318
Treatment,318
Treatment,318
Treatment,318
Treatment,318
Treatment,318
Treatment,318
Treatment,318
Treatment,318
Treatment,318
Treatment,318
Treatment,318
Treatment,318
Treatment,318
Treatment,318
Treatment,318
Treatment,318
Treatment,318
Treatment,318
Treatment,318
Treatment,318
Treatment,318
Treatment,318
Treatment,318
Treatment,318
Treatment,318
Treatment,318
Treatment,318
Treatment,318
Treatment,318
Treatment,318
Treatment,318
Treatment,318
Treatment,318
Treatment,318
Treatment,318
Treatment,318
Treatment,318
Treatment,318
Treatment,318
Treatment,318
Treatment,318
Treatment,318
Treatment,318
Treatment,318
Treatment,318
Treatment,318
Treatment,318
Treatment,318
Treatment,318
Treatment,318
Treatment,318
Treatment,318
Treatment,318
Treatment,318
Treatment,318
Treatment,318
Treatment,318
Treatment,318
Treatment,318
Treatment,318
Treatment,318
Treatment,318
Treatment,318
Treatment,318
Treatment,318
Treatment,318
Treatment,318
Treatment,318
Treatment,318
Treatment,318
Treatment,318
Treatment,318
Treatment,318
Treatment,318
Treatment,318
Treatment,318
Treatment,318
Treatment,318
Treatment,318
Treatment,318
Treatment,318
Treatment,318
Treatment,318
Treatment,318
Treatment,318
Treatment,318
Treatment,318
Treatment,318
Treatment,318
Treatment,318
Treatment,318
Treatment,318
Treatment,318
Treatment,318
Treatment,318
Treatment,318
Treatment,318
Treatment,318
Treatment,318
Treatment,318
Treatment,318
Treatment,318
Treatment,318
Treatment,318
Treatment,318
Treatment,318
Treatment,318
Treatment,318
Treatment,318
Treatment,318
Treatment,318
Treatment,318
Treatment,318
Treatment,318
Treatment,318
Treatment,318
Treatment,318
Treatment,318
Treatment,318
Treatment,318
Treatment,318
Treatment,318
Treatment,318
Treatment,318
Treatment,318
Treatment,318
Treatment,318
Treatment,318
Treatment,318
Treatment,318
Treatment,318
Treatment,318
Treatment,318
Treatment,318
Treatment,318
Treatment,318
Treatment,318
Treatment,318
Treatment,318
Treatment,318
Treatment,318
Treatment,318
Treatment,318
Treatment,318
Treatment,318
Treatment,318
Treatment,318
Treatment,318
Treatment,318
Treatment,318
Treatment,318
Treatment,318
Treatment,318
Treatment,318
Treatment,318
Treatment,318
Treatment,318
Treatment,318
Treatment,318
Treatment,318
Treatment,318
Treatment,318
Treatment,318
Treatment,318
Treatment,318
Treatment,318
Treatment,318
Treatment,318
Treatment,318
Treatment,318
Treatment,318
Treatment,318
Treatment,318
Treatment,318
Treatment,318
Treatment,318
Treatment,318
Treatment,318
Treatment,318
Treatment,318
Treatment,318
Treatment,318
Treatment,318
Treatment,318
Treatment,318
Treatment,318
Treatment,318
Treatment,318
Treatment,318
Treatment,318
Treatment,318
Treatment,318
Treatment,318
Treatment,318
Treatment,318
Treatment,318
Treatment,318
Treatment,318
Treatment,318
Treatment,318
Treatment,318
Treatment,318
Treatment,318
Treatment,318
Treatment,318
Treatment,318
Treatment,318
Treatment,318
Treatment,318
Treatment,318
Treatment,318
Treatment,318
Treatment,318
Treatment,318
Treatment,318
Treatment,318
Treatment,318
Treatment,318
Treatment,318
Treatment,318
Treatment,318
Treatment,318
Treatment,318
Treatment,318
Treatment,318
Treatment,318
Treatment,318
Treatment,318
Treatment,318
Treatment,318
Treatment,318
Treatment,318
Treatment,318
Treatment,318
Treatment,318
Treatment,318
Treatment,318
Treatment,318
Treatment,318
Treatment,318
Treatment,318
Treatment,318
Treatment,318
Treatment,318
Treatment,318
Treatment,318
Treatment,318
Treatment,318
Treatment,318
Treatment,318
Treatment,318
Treatment,318
Treatment,318
Treatment,318
Treatment,318
Treatment,318
Treatment,318
Treatment,318
Treatment,318
Treatment,318
Treatment,318
Treatment,318
Treatment,318
Treatment,318
Treatment,318
Treatment,318
Treatment,318
Treatment,318
Treatment,318
Treatment,318
Treatment,318
Treatment,318
Treatment,318
Treatment,318
Treatment,318
Treatment,318
Treatment,318
Treatment,318
Treatment,318
Treatment,318
Treatment,318
Treatment,318
Treatment,318
Treatment,318
Treatment,318
Treatment,318
Treatment,318
Treatment,318
Treatment,318
Treatment,318
Treatment,318
Treatment,318
Treatment,318
Treatment,318
Treatment,318
Treatment,318
Treatment,318
Treatment,318
Treatment,318
Treatment,318
Treatment,318
Treatment,318
Treatment,318
Treatment,318
Treatment,318
Treatment,318
Treatment,318
Treatment,318
Treatment,318
Treatment,318
Treatment,318
Treatment,318
Treatment,318
Treatment,318
Treatment,318
Treatment,318
Treatment,318
Treatment,318
Treatment,318
Treatment,318
Treatment,318
Treatment,318
Treatment,318
Treatment,318
Treatment,318
Treatment,318
Treatment,318
Treatment,318
Treatment,318
Treatment,318
Treatment,318
Treatment,318
Treatment,318
Treatment,318
Treatment,318
Treatment,318
Treatment,318
Treatment,318
Treatment,318
Treatment,318
Treatment,318
Treatment,318
Treatment,318
Treatment,318
Treatment,318
Treatment,318
Treatment,318
Treatment,318
Treatment,318
Treatment,318
Treatment,318
Treatment,318
Treatment,318
Treatment,318
Treatment,318
Treatment,318
Treatment,318
Treatment,318
Treatment,318
Treatment,318
Treatment,318
Treatment,318
Treatment,318
Treatment,318
Treatment,318
Treatment,356
Treatment,356
Treatment,356
Treatment,356
Treatment,356
Treatment,356
Treatment,356
Treatment,356
Treatment,356
Treatment,356
Treatment,356
Treatment,356
Treatment,356
Treatment,356
Treatment,356
Treatment,356
Treatment,356
Treatment,356
Treatment,356
Treatment,356
Treatment,356
Treatment,356
Treatment,356
Treatment,356
Treatment,356
Treatment,356
Treatment,356
Treatment,356
Treatment,356
Treatment,356
Treatment,356
Treatment,356
Treatment,356
Treatment,356
Treatment,356
Treatment,356
Treatment,356
Treatment,356
Treatment,356
Treatment,356
Treatment,356
Treatment,356
Treatment,356
Treatment,356
Treatment,356
Treatment,356
Treatment,356
Treatment,356
Treatment,356
Treatment,356
Treatment,356
Treatment,356
Treatment,356
Treatment,356
Treatment,356
Treatment,356
Treatment,356
Treatment,356
Treatment,356
Treatment,356
Treatment,356
Treatment,356
Treatment,356
Treatment,356
Treatment,356
Treatment,356
Treatment,356
Treatment,356
Treatment,356
Treatment,356
Treatment,356
Treatment,356
Treatment,356
Treatment,356
Treatment,356
Treatment,356
Treatment,356
Treatment,356
Treatment,356
Treatment,356
Treatment,356
Treatment,356
Treatment,356
Treatment,356
Treatment,356
Treatment,356
Treatment,356
Treatment,356
Treatment,356
Treatment,356
Treatment,356
Treatment,356
Treatment,356
Treatment,356
Treatment,356
Treatment,356
Treatment,356
Treatment,356
Treatment,356
Treatment,356
Treatment,356
Treatment,356
Treatment,356
Treatment,356
Treatment,356
Treatment,356
Treatment,356
Treatment,356
Treatment,356
Treatment,356
Treatment,356
Treatment,356
Treatment,356
Treatment,356
Treatment,356
Treatment,356
Treatment,356
Treatment,356
Treatment,356
Treatment,356
Treatment,356
Treatment,356
Treatment,356
Treatment,356
Treatment,356
Treatment,356
Treatment,356
Treatment,356
Treatment,356
Treatment,356
Treatment,356
Treatment,356
Treatment,356
Treatment,356
Treatment,356
Treatment,356
Treatment,356
Treatment,356
Treatment,356
Treatment,356
Treatment,356
Treatment,356
Treatment,356
Treatment,356
Treatment,356
Treatment,356
Treatment,356
Treatment,356
Treatment,356
Treatment,356
Treatment,356
Treatment,356
Treatment,356
Treatment,356
Treatment,356
Treatment,356
Treatment,356
Treatment,356
Treatment,356
Treatment,356
Treatment,356
Treatment,356
Treatment,356
Treatment,356
Treatment,356
Treatment,356
Treatment,356
Treatment,356
Treatment,356
Treatment,356
Treatment,356
Treatment,356
Treatment,356
Treatment,356
Treatment,356
Treatment,356
Treatment,356
Treatment,356
Treatment,356
Treatment,356
Treatment,356
Treatment,356
Treatment,356
Treatment,356
Treatment,356
Treatment,356
Treatment,356
Treatment,356
Treatment,356
Treatment,356
Treatment,356
Treatment,356
Treatment,356
Treatment,356
Treatment,356
Treatment,356
Treatment,356
Treatment,356
Treatment,356
Treatment,356
Treatment,356
Treatment,356
Treatment,356
Treatment,356
Treatment,356
Treatment,356
Treatment,356
Treatment,356
Treatment,356
Treatment,356
Treatment,356
Treatment,356
Treatment,356
Treatment,356
Treatment,356
Treatment,356
Treatment,356
Treatment,356
Treatment,356
Treatment,356
Treatment,356
Treatment,356
Treatment,356
Treatment,356
Treatment,356
Treatment,356
Treatment,356
Treatment,356
Treatment,356
Treatment,356
Treatment,356
Treatment,356
Treatment,356
Treatment,356
Treatment,356
Treatment,356
Treatment,356
Treatment,356
Treatment,356
Treatment,356
Treatment,356
Treatment,356
Treatment,356
Treatment,356
Treatment,356
Treatment,356
Treatment,356
Treatment,356
Treatment,356
Treatment,356
Treatment,356
Treatment,356
Treatment,356
Treatment,356
Treatment,356
Treatment,356
Treatment,356
Treatment,356
Treatment,356
Treatment,356
Treatment,356
Treatment,356
Treatment,356
Treatment,356
Treatment,356
Treatment,356
Treatment,356
Treatment,356
Treatment,356
Treatment,356
Treatment,356
Treatment,356
Treatment,356
Treatment,356
Treatment,356
Treatment,356
Treatment,356
Treatment,356
Treatment,356
Treatment,356
Treatment,356
Treatment,356
Treatment,356
Treatment,356
Treatment,356
Treatment,356
Treatment,356
Treatment,356
Treatment,356
Treatment,356
Treatment,356
Treatment,356
Treatment,356
Treatment,356
Treatment,356
Treatment,356
Treatment,356
Treatment,356
Treatment,356
Treatment,356
Treatment,356
Treatment,356
Treatment,356
Treatment,356
Treatment,356
Treatment,356
Treatment,356
Treatment,356
Treatment,356
Treatment,356
Treatment,356
Treatment,356
Treatment,356
Treatment,356
Treatment,356
Treatment,356
Treatment,356
Treatment,356
Treatment,356
Treatment,356
Treatment,356
Treatment,356
Treatment,356
Treatment,356
Treatment,356
Treatment,356
Treatment,356
Treatment,356
Treatment,356
Treatment,356
Treatment,356
Treatment,356
Treatment,356
Treatment,356
Treatment,356
Treatment,356
Treatment,356
Treatment,356
Treatment,356
Treatment,356
Treatment,356
Treatment,356
Treatment,356
Treatment,356
Treatment,356
Treatment,356
Treatment,356
Treatment,356
Treatment,356
Treatment,356
Treatment,356
Treatment,356
Treatment,356
Treatment,356
Treatment,356
Treatment,356
Treatment,356
Treatment,356
Treatment,356
Treatment,356
Treatment,356
Treatment,356
Treatment,356
Treatment,356
Treatment,356
Treatment,356
Treatment,356
Treatment,356
Treatment,356
Treatment,356
Treatment,356
Treatment,356
Treatment,356
Treatment,356
Treatment,356
Treatment,356
Treatment,356
Treatment,356
Treatment,356
Treatment,356
Treatment,356
Treatment,356
Treatment,356
Treatment,356
Treatment,356
Treatment,356
Treatment,356
Treatment,356
Treatment,356
Treatment,356
Treatment,356
Treatment,356
Treatment,356
Treatment,356
Treatment,356
Treatment,356
Treatment,356
Treatment,356
Treatment,356
Treatment,356
Treatment,356
Treatment,356
Treatment,356
Treatment,356
Treatment,356
Treatment,356
Treatment,356
Treatment,356
Treatment,356
Treatment,356
Treatment,356
Treatment,356
Treatment,356
Treatment,356
Treatment,356
Treatment,356
Treatment,356
Treatment,356
Treatment,356
Treatment,356
Treatment,356
Treatment,356
Treatment,356
Treatment,356
Treatment,356
Treatment,356
Treatment,356
Treatment,356
Treatment,356
Treatment,356
Treatment,356
Treatment,356
Treatment,356
Treatment,356
Treatment,356
Treatment,356
Treatment,356
Treatment,356
Treatment,356
Treatment,356
Treatment,356
Treatment,356
Treatment,356
Treatment,356
Treatment,356
Treatment,356
Treatment,356
Treatment,356
Treatment,356
Treatment,356
Treatment,356
Treatment,356
Treatment,356
Treatment,356
Treatment,356
Treatment,356
Treatment,356
Treatment,356
Treatment,356
Treatment,356
Treatment,356
Treatment,356
Treatment,356
Treatment,356
Treatment,356
Treatment,356
Treatment,356
Treatment,356
Treatment,356
Treatment,356
Treatment,356
Treatment,356
Treatment,356
Treatment,356
Treatment,356
Treatment,356
Treatment,356
Treatment,356
Treatment,356
Treatment,356
Treatment,356
Treatment,356
Treatment,356
Treatment,356
Treatment,356
Treatment,356
Treatment,356
Treatment,356
Treatment,356
Treatment,356
Treatment,356
Treatment,356
Treatment,356
Treatment,356
Treatment,356
Treatment,356
Treatment,356
Treatment,356
Treatment,356
Treatment,356
Treatment,356
Treatment,356
Treatment,356
Treatment,356
Treatment,356
Treatment,356
Treatment,356
Treatment,356
Treatment,356
Treatment,356
Treatment,356
Treatment,356
Treatment,356
Treatment,356
Treatment,356
Treatment,356
Treatment,356
Treatment,356
Treatment,356
Treatment,356
Treatment,356
Treatment,356
Treatment,356
Treatment,356
Treatment,356
Treatment,356
Treatment,356
Treatment,356
Treatment,356
Treatment,356
Treatment,356
Treatment,356
Treatment,356
Treatment,356
Treatment,356
Treatment,356
Treatment,356
Treatment,356
Treatment,356
Treatment,356
Treatment,356
Treatment,356
Treatment,356
Treatment,356
Treatment,356
Treatment,356
Treatment,356
Treatment,356
Treatment,356
Treatment,356
Treatment,356
Treatment,356
Treatment,356
Treatment,356
Treatment,356
Treatment,356
Treatment,356
Treatment,356
Treatment,356
Treatment,356
Treatment,356
Treatment,356
Treatment,356
Treatment,356
Treatment,356
Treatment,356
Treatment,356
Treatment,356
Treatment,356
Treatment,356
Treatment,356
Treatment,356
Treatment,356
Treatment,356
Treatment,356
Treatment,356
Treatment,356
Treatment,356
Treatment,356
Treatment,356
Treatment,356
Treatment,356
Treatment,356
Treatment,356
Treatment,356
Treatment,356
Treatment,356
Treatment,356
Treatment,356
Treatment,356
Treatment,356
Treatment,356
Treatment,356
Treatment,356
Treatment,356
Treatment,356
Treatment,356
Treatment,356
Treatment,356
Treatment,356
Treatment,356
Treatment,356
Treatment,356
Treatment,356
Treatment,356
Treatment,356
Treatment,356
Treatment,356
Treatment,356
Treatment,356
Treatment,356
Treatment,356
Treatment,356
Treatment,356
Treatment,356
Treatment,356
Treatment,356
Treatment,356
Treatment,356
Treatment,356
Treatment,356
Treatment,356
Treatment,356
Treatment,356
Treatment,356
Treatment,356
Treatment,356
Treatment,356
Treatment,356
Treatment,356
Treatment,356
Treatment,356
Treatment,356
Treatment,356
Treatment,356
Treatment,356
Treatment,356
Treatment,356
Treatment,356
Treatment,356
Treatment,356
Treatment,356
Treatment,356
Treatment,356
Treatment,356
Treatment,356
Treatment,356
Treatment,356
Treatment,356
Treatment,356
Treatment,356
Treatment,356
Treatment,356
Treatment,356
Treatment,356
Treatment,356
Treatment,356
Treatment,356
Treatment,356
Treatment,356
Treatment,356
Treatment,356
Treatment,356
Treatment,356
Treatment,356
Treatment,356
Treatment,356
Treatment,356
Treatment,356
Treatment,356
Treatment,356
Treatment,356
Treatment,356
Treatment,356
Treatment,356
Treatment,356
Treatment,356
Treatment,356
Treatment,356
Treatment,356
Treatment,356
Treatment,356
Treatment,356
Treatment,356
Treatment,356
Treatment,356
Treatment,356
Treatment,356
Treatment,356
Treatment,356
Treatment,356
Treatment,356
Treatment,356
Treatment,356
Treatment,356
Treatment,356
Treatment,356
Treatment,356
Treatment,356
Treatment,356
Treatment,356
Treatment,356
Treatment,356
Treatment,356
Treatment,356
Treatment,356
Treatment,356
Treatment,356
Treatment,356
Treatment,356
Treatment,356
Treatment,356
Treatment,356
Treatment,356
Treatment,356
Treatment,356
Treatment,356
Treatment,356
Treatment,356
Treatment,356
Treatment,356
Treatment,356
Treatment,356
Treatment,356
Treatment,356
Treatment,356
Treatment,356
Treatment,356
Treatment,356
Treatment,356
Treatment,356
Treatment,356
Treatment,356
Treatment,356
Treatment,356
Treatment,356
Treatment,356
Treatment,356
Treatment,356
Treatment,356
Treatment,356
Treatment,356
Treatment,356
Treatment,356
Treatment,356
Treatment,356
Treatment,356
Treatment,356
Treatment,356
Treatment,356
Treatment,356
Treatment,356
Treatment,356
Treatment,356
Treatment,356
Treatment,356
Treatment,356
Treatment,356
Treatment,356
Treatment,356
Treatment,356
Treatment,356
Treatment,356
Treatment,1060
Treatment,1060
Treatment,1060
Treatment,1060
Treatment,1060
Treatment,1060
Treatment,1060
Treatment,1060
Treatment,1060
Treatment,1060
Treatment,1060
Treatment,1060
Treatment,1060
Treatment,1060
Treatment,1060
Treatment,1060
Treatment,1060
Treatment,1060
Treatment,1060
Treatment,1060
Treatment,1060
Treatment,1060
Treatment,1060
Treatment,1060
Treatment,1060
Treatment,1060
Treatment,1060
Treatment,1060
Treatment,1060
Treatment,1060
Treatment,1060
Treatment,1060
Treatment,1060
Treatment,1060
Treatment,1060
Treatment,1060
Treatment,1060
Treatment,1060
Treatment,1060
Treatment,1060
Treatment,1060
Treatment,1060
Treatment,1060
Treatment,1060
Treatment,1060
Treatment,1060
Treatment,1060
Treatment,1060
Treatment,1060
Treatment,1060
Treatment,1060
Treatment,1060
Treatment,1060
Treatment,1060
Treatment,1060
Treatment,1060
Treatment,1060
Treatment,1060
Treatment,1060
Treatment,1060
Treatment,1060
Treatment,1060
Treatment,1060
Treatment,1060
Treatment,1060
Treatment,1060
Treatment,1060
Treatment,1060
Treatment,1060
Treatment,1060
Treatment,1060
Treatment,1060
Treatment,1060
Treatment,1060
Treatment,1060
Treatment,1060
Treatment,1060
Treatment,1060
Treatment,1060
Treatment,1060
Treatment,1060
Treatment,1060
Treatment,1060
Treatment,1060
Treatment,1060
Treatment,1060
Treatment,1060
Treatment,1060
Treatment,1060
Treatment,1060
Treatment,1060
Treatment,1060
Treatment,1060
Treatment,1060
Treatment,1060
Treatment,1060
Treatment,1060
Treatment,1060
Treatment,1060
Treatment,1060
Treatment,1060
Treatment,1060
Treatment,1060
Treatment,1060
Treatment,1060
Treatment,1060
Treatment,1060
Treatment,1060
Treatment,1060
Treatment,1060
Treatment,1060
Treatment,1060
Treatment,1060
Treatment,1060
Treatment,1060
Treatment,1060
Treatment,1060
Treatment,1060
Treatment,1060
Treatment,1060
Treatment,1060
Treatment,1060
Treatment,1060
Treatment,1060
Treatment,1060
Treatment,1060
Treatment,1060
Treatment,1060
Treatment,1060
Treatment,1060
Treatment,1060
Treatment,1060
Treatment,1060
Treatment,1060
Treatment,1060
Treatment,1060
Treatment,1060
Treatment,1060
Treatment,1060
Treatment,1060
Treatment,1060
Treatment,1060
Treatment,1060
Treatment,1060
Treatment,1060
Treatment,1060
Treatment,1060
Treatment,1060
Treatment,1060
Treatment,1060
Treatment,1060
Treatment,1060
Treatment,1060
Treatment,1060
Treatment,1060
Treatment,1060
Treatment,1060
Treatment,1060
Treatment,1060
Treatment,1060
Treatment,1060
Treatment,1060
Treatment,1060
Treatment,1060
Treatment,1060
Treatment,1060
Treatment,1060
Treatment,1060
Treatment,1060
Treatment,1060
Treatment,1060
Treatment,1060
Treatment,1060
Treatment,1060
Treatment,1060
Treatment,1060
Treatment,1060
Treatment,1060
Treatment,1060
Treatment,1060
Treatment,1060
Treatment,1060
Treatment,1060
Treatment,1060
Treatment,1060
Treatment,1060
Treatment,1060
Treatment,1060
Treatment,1060
Treatment,1060
Treatment,1060
Treatment,1060
Treatment,1060
Treatment,1060
Treatment,1060
Treatment,1060
Treatment,1060
Treatment,1060
Treatment,1060
Treatment,1060
Treatment,1060
Treatment,1060
Treatment,1060
Treatment,1060
Treatment,1060
Treatment,1060
Treatment,1060
Treatment,1060
Treatment,1060
Treatment,1060
Treatment,1060
Treatment,1060
Treatment,1060
Treatment,1060
Treatment,1060
Treatment,1060
Treatment,1060
Treatment,1060
Treatment,1060
Treatment,1060
Treatment,1060
Treatment,1060
Treatment,1060
Treatment,1060
Treatment,1060
Treatment,1060
Treatment,1060
Treatment,1060
Treatment,1060
Treatment,1060
Treatment,1060
Treatment,1060
Treatment,1060
Treatment,1060
Treatment,1060
Treatment,1060
Treatment,1060
Treatment,1060
Treatment,1060
Treatment,1060
Treatment,1060
Treatment,1060
Treatment,1060
Treatment,1060
Treatment,1060
Treatment,1060
Treatment,1060
Treatment,1060
Treatment,1060
Treatment,1060
Treatment,1060
Treatment,1060
Treatment,1060
Treatment,1060
Treatment,1060
Treatment,1060
Treatment,1060
Treatment,1060
Treatment,1060
Treatment,1060
Treatment,1060
Treatment,1060
Treatment,1060
Treatment,1060
Treatment,1060
Treatment,1060
Treatment,1060
Treatment,1060
Treatment,1060
Treatment,1060
Treatment,1060
Treatment,1060
Treatment,1060
Treatment,1060
Treatment,1060
Treatment,1060
Treatment,1060
Treatment,1060
Treatment,1060
Treatment,1060
Treatment,1060
Treatment,1060
Treatment,1060
Treatment,1060
Treatment,1060
Treatment,1060
Treatment,1060
Treatment,1060
Treatment,1060
Treatment,1060
Treatment,1060
Treatment,1060
Treatment,1060
Treatment,1060
Treatment,1060
Treatment,1060
Treatment,1060
Treatment,1060
Treatment,1060
Treatment,1060
Treatment,1060
Treatment,1060
Treatment,1060
Treatment,1060
Treatment,1060
Treatment,1060
Treatment,1060
Treatment,1060
Treatment,1060
Treatment,1060
Treatment,1060
Treatment,1060
Treatment,1060
Treatment,1060
Treatment,1060
Treatment,1060
Treatment,1060
Treatment,1060
Treatment,1060
Treatment,1060
Treatment,1060
Treatment,1060
Treatment,1060
Treatment,1060
Treatment,1060
Treatment,1060
Treatment,1060
Treatment,1060
Treatment,1060
Treatment,1060
Treatment,1060
Treatment,1060
Treatment,1060
Treatment,1060
Treatment,1060
Treatment,1060
Treatment,1060
Treatment,1060
Treatment,1060
Treatment,1060
Treatment,1060
Treatment,1060
Treatment,1060
Treatment,1060
Treatment,1060
Treatment,1060
Treatment,1060
Treatment,1060
Treatment,1060
Treatment,1060
Treatment,1060
Treatment,1060
Treatment,1060
Treatment,1060
Treatment,1060
Treatment,1060
Treatment,1060
Treatment,1060
Treatment,1060
Treatment,1060
Treatment,1060
Treatment,1060
Treatment,1060
Treatment,1060
Treatment,1060
Treatment,1060
Treatment,1060
Treatment,1060
Treatment,1060
Treatment,1060
Treatment,1060
Treatment,1060
Treatment,1060
Treatment,1060
Treatment,1060
Treatment,1060
Treatment,1060
Treatment,1060
Treatment,1060
Treatment,1060
Treatment,1060
Treatment,1060
Treatment,1060
Treatment,1060
Treatment,1060
Treatment,1060
Treatment,1060
Treatment,1060
Treatment,1060
Treatment,1060
Treatment,1060
Treatment,1060
Treatment,1060
Treatment,1060
Treatment,1060
Treatment,1060
Treatment,1060
Treatment,1060
Treatment,1060
Treatment,1060
Treatment,1060
Treatment,1060
Treatment,1060
Treatment,1060
Treatment,1060
Treatment,1060
Treatment,1060
Treatment,1060
Treatment,1060
Treatment,1060
Treatment,1060
Treatment,1060
Treatment,1060
Treatment,1060
Treatment,1060
Treatment,1060
Treatment,1060
Treatment,1060
Treatment,1060
Treatment,1060
Treatment,1060
Treatment,1060
Treatment,1060
Treatment,1060
Treatment,1060
Treatment,1060
Treatment,1060
Treatment,1060
Treatment,1060
Treatment,1060
Treatment,1060
Treatment,1060
Treatment,1060
Treatment,1060
Treatment,1060
Treatment,1060
Treatment,1060
Treatment,1060
Treatment,1060
Treatment,1060
Treatment,1060
Treatment,1060
Treatment,1060
Treatment,1060
Treatment,1060
Treatment,1060
Treatment,1060
Treatment,1060
Treatment,1060
Treatment,1060
Treatment,1060
Treatment,1060
Treatment,1060
Treatment,1060
Treatment,1060
Treatment,1060
Treatment,1060
Treatment,1060
Treatment,1060
Treatment,1060
Treatment,1060
Treatment,1060
Treatment,1060
Treatment,1060
Treatment,1060
Treatment,1060
Treatment,1060
Treatment,1060
Treatment,1060
Treatment,1060
Treatment,1060
Treatment,1060
Treatment,1060
Treatment,1060
Treatment,1060
Treatment,1060
Treatment,1060
Treatment,1060
Treatment,1060
Treatment,1060
Treatment,1060
Treatment,1060
Treatment,1060
Treatment,1060
Treatment,1060
Treatment,1060
Treatment,1060
Treatment,1060
Treatment,1060
Treatment,1060
Treatment,1060
Treatment,1060
Treatment,1060
Treatment,1060
Treatment,1060
Treatment,1060
Treatment,1060
Treatment,1060
Treatment,1060
Treatment,1060
Treatment,1060
Treatment,1060
Treatment,1060
Treatment,1060
Treatment,1060
Treatment,1060
Treatment,1060
Treatment,1060
Treatment,1060
Treatment,1060
Treatment,1060
Treatment,1060
Treatment,1060
Treatment,1060
Treatment,1060
Treatment,1060
Treatment,1060
Treatment,1060
Treatment,1060
Treatment,1060
Treatment,1060
Treatment,1060
Treatment,1060
Treatment,1060
Treatment,1060
Treatment,1060
Treatment,1060
Treatment,1060
Treatment,1060
Treatment,1060
Treatment,1060
Treatment,1060
Treatment,1060
Treatment,1060
Treatment,1060
Treatment,1060
Treatment,1060
Treatment,1060
Treatment,1060
Treatment,1060
Treatment,1060
Treatment,1060
Treatment,1060
Treatment,1060
Treatment,1060
Treatment,1060
Treatment,1060
Treatment,1060
Treatment,1060
Treatment,1060
Treatment,1060
Treatment,1060
Treatment,1060
Treatment,1060
Treatment,1060
Treatment,1060
Treatment,1060
Treatment,1060
Treatment,1060
Treatment,1060
Treatment,1060
Treatment,1060
Treatment,1060
Treatment,1060
Treatment,1060
Treatment,1060
Treatment,1060
Treatment,1060
Treatment,1060
Treatment,1060
Treatment,1060
Treatment,1060
Treatment,1060
Treatment,1060
Treatment,1060
Treatment,1060
Treatment,1060
Treatment,1060
Treatment,1060
Treatment,1060
Treatment,1060
Treatment,1060
Treatment,1060
Treatment,1060
Treatment,1060
Treatment,1060
Treatment,1060
Treatment,1060
Treatment,1060
Treatment,1060
Treatment,1060
Treatment,1060
Treatment,1060
Treatment,1060
Treatment,1060
Treatment,1060
Treatment,1060
Treatment,1060
Treatment,1060
Treatment,1060
Treatment,1060
Treatment,1060
Treatment,1060
Treatment,1060
Treatment,1060
Treatment,1060
Treatment,1060
Treatment,1060
Treatment,1060
Treatment,1060
Treatment,1060
Treatment,1060
Treatment,1060
Treatment,1060
Treatment,1060
Treatment,1060
Treatment,1060
Treatment,1060
Treatment,1060
Treatment,1060
Treatment,1060
Treatment,1060
Treatment,1060
Treatment,1060
Treatment,1060
Treatment,1060
Treatment,1060
Treatment,1060
Treatment,1060
Treatment,1060
Treatment,1060
Treatment,1060
Treatment,1060
Treatment,1060
Treatment,1060
Treatment,1060
Treatment,1060
Treatment,1060
Treatment,1060
Treatment,1060
Treatment,1060
Treatment,1060
Treatment,1060
Treatment,1060
Treatment,1060
Treatment,1060
Treatment,1060
Treatment,1060
Treatment,1060
Treatment,1060
Treatment,1060
Treatment,1060
Treatment,1060
Treatment,1060
Treatment,1060
Treatment,1060
Treatment,1060
Treatment,1060
Treatment,1060
Treatment,1060
Treatment,1060
Treatment,1060
Treatment,1060
Treatment,1060
Treatment,1060
Treatment,1060
Treatment,1060
Treatment,1060
Treatment,1060
Treatment,1060
Treatment,1060
Treatment,1060
Treatment,1060
Treatment,1060
Treatment,1060
Treatment,1060
Treatment,1060
Treatment,1060
Treatment,1060
Treatment,1060
Treatment,1060
Treatment,1060
Treatment,1060
Treatment,1060
Treatment,1060
Treatment,1060
Treatment,1060
Treatment,1060
Treatment,1060
Treatment,1060
Treatment,1060
Treatment,1060
Treatment,1060
Treatment,1060
Treatment,1060
Treatment,1060
Treatment,1060
Treatment,1060
Treatment,1060
Treatment,1060
Treatment,1060
Treatment,1060
Treatment,1060
Treatment,1060
Treatment,1060
Treatment,1060
Treatment,1060
Treatment,1060
Treatment,1060
Treatment,1060
Treatment,1060
Treatment,1060
Treatment,1060
Treatment,1060
Treatment,1060
Treatment,1060
Treatment,1060
Treatment,1060
Treatment,1060
Treatment,1060
Treatment,1060
Treatment,1060
Treatment,1060
Treatment,1060
Treatment,1060
Treatment,1060
Treatment,1060
Treatment,1060
Treatment,1060
Treatment,1060
Treatment,1060
Treatment,1060
Treatment,1060
Treatment,1060
Treatment,1060
Treatment,1060
Treatment,1060
Treatment,1060
Treatment,1060
Treatment,1060
Treatment,1060
Treatment,1060
Treatment,1060
Treatment,1060
Treatment,1060
Treatment,1060
Treatment,1060
Treatment,1060
Treatment,1060
Treatment,1060
Treatment,1060
Treatment,1060
Treatment,1060
Treatment,1060
Treatment,1060
Treatment,1060
Treatment,1060
Treatment,1060
Treatment,1060
Treatment,1060
Treatment,1060
Treatment,1060
Treatment,1060
Treatment,1060
Treatment,1060
Treatment,1060
Treatment,1060
Treatment,1060
Treatment,1060
Treatment,1060
Treatment,1060
Treatment,1060
Treatment,1060
Treatment,1060
Treatment,1060
Treatment,1060
Treatment,1060
Treatment,1060
Treatment,1060
Treatment,1060
Treatment,1060
Treatment,1060
Treatment,1060
Treatment,1060
Treatment,1060
Treatment,1060
Treatment,1060
Treatment,1060
Treatment,1060
Treatment,1060
Treatment,1060
Treatment,1060
Treatment,1060
Treatment,1060
Treatment,1060
Treatment,1060
Treatment,1060
Treatment,1060
Treatment,1060
Treatment,1060
Treatment,1060
Treatment,1060
Treatment,1060
Treatment,1060
Treatment,1060
Treatment,1060
Treatment,1060
Treatment,1060
Treatment,1060
Treatment,1060
Treatment,1060
Treatment,1060
Treatment,1060
Treatment,1060
Treatment,1060
Treatment,1060
Treatment,1060
Treatment,1060
Treatment,1060
Treatment,1060
Treatment,1060
Treatment,1060
Treatment,1060
Treatment,1060
Treatment,1060
Treatment,1060
Treatment,1060
Treatment,1060
Treatment,1060
Treatment,1060
Treatment,1060
Treatment,1060
Treatment,1060
Treatment,1060
Treatment,1060
Treatment,1060
Treatment,1060
Treatment,1060
Treatment,1060
Treatment,1060
Treatment,1060
Treatment,1060
Treatment,1060
Treatment,1060
Treatment,1060
Treatment,1060
Treatment,1060
Treatment,1060
Treatment,1060
Treatment,1060
Treatment,1060
Treatment,1060
Treatment,1060
Treatment,1060
Treatment,1060
Treatment,1060
Treatment,1060
Treatment,1060
Treatment,1060
Treatment,1060
Treatment,1060
Treatment,1060
Treatment,1060
Treatment,1060
Treatment,1060
Treatment,1060
Treatment,1060
Treatment,1060
Treatment,1060
Treatment,1060
Treatment,1060
Treatment,1060
Treatment,1060
Treatment,1060
Treatment,1060
Treatment,1060
Treatment,1060
Treatment,1060
Treatment,1060
Treatment,1060
Treatment,1060
Treatment,1060
Treatment,1060
Treatment,1060
Treatment,1060
Treatment,1060
Treatment,1060
Treatment,1060
Treatment,1060
Treatment,1060
Treatment,1060
Treatment,1060
Treatment,1060
Treatment,1060
Treatment,1060
Treatment,1060
Treatment,1060
Treatment,1060
Treatment,1060
Treatment,1060
Treatment,1063
Treatment,1063
Treatment,1063
Treatment,1063
Treatment,1063
Treatment,1063
Treatment,1063
Treatment,1063
Treatment,1063
Treatment,1063
Treatment,1063
Treatment,1063
Treatment,1063
Treatment,1063
Treatment,1063
Treatment,1063
Treatment,1063
Treatment,1063
Treatment,1063
Treatment,1063
Treatment,1063
Treatment,1063
Treatment,1063
Treatment,1063
Treatment,1063
Treatment,1063
Treatment,1063
Treatment,1063
Treatment,1063
Treatment,1063
Treatment,1063
Treatment,1063
Treatment,1063
Treatment,1063
Treatment,1063
Treatment,1063
Treatment,1063
Treatment,1063
Treatment,1063
Treatment,1063
Treatment,1063
Treatment,1063
Treatment,1063
Treatment,1063
Treatment,1063
Treatment,1063
Treatment,1063
Treatment,1063
Treatment,1063
Treatment,1063
Treatment,1063
Treatment,1063
Treatment,1063
Treatment,1063
Treatment,1063
Treatment,1063
Treatment,1063
Treatment,1063
Treatment,1063
Treatment,1063
Treatment,1063
Treatment,1063
Treatment,1063
Treatment,1063
Treatment,1063
Treatment,1063
Treatment,1063
Treatment,1063
Treatment,1063
Treatment,1063
Treatment,1063
Treatment,1063
Treatment,1063
Treatment,1063
Treatment,1063
Treatment,1063
Treatment,1063
Treatment,1063
Treatment,1063
Treatment,1063
Treatment,1063
Treatment,1063
Treatment,1063
Treatment,1063
Treatment,1063
Treatment,1063
Treatment,1063
Treatment,1063
Treatment,1063
Treatment,1063
Treatment,1063
Treatment,1063
Treatment,1063
Treatment,1063
Treatment,1063
Treatment,1063
Treatment,1063
Treatment,1063
Treatment,1063
Treatment,1063
Treatment,1063
Treatment,1063
Treatment,1063
Treatment,1063
Treatment,1063
Treatment,1063
Treatment,1063
Treatment,1063
Treatment,1063
Treatment,1063
Treatment,1063
Treatment,1063
Treatment,1063
Treatment,1063
Treatment,1063
Treatment,1063
Treatment,1063
Treatment,1063
Treatment,1063
Treatment,1063
Treatment,1063
Treatment,1063
Treatment,1063
Treatment,1063
Treatment,1063
Treatment,1063
Treatment,1063
Treatment,1063
Treatment,1063
Treatment,1063
Treatment,1063
Treatment,1063
Treatment,1063
Treatment,1063
Treatment,1063
Treatment,1063
Treatment,1063
Treatment,1063
Treatment,1063
Treatment,1063
Treatment,1063
Treatment,1063
Treatment,1063
Treatment,1063
Treatment,1063
Treatment,1063
Treatment,1063
Treatment,1063
Treatment,1063
Treatment,1063
Treatment,1063
Treatment,1063
Treatment,1063
Treatment,1063
Treatment,1063
Treatment,1063
Treatment,1063
Treatment,1063
Treatment,1063
Treatment,1063
Treatment,1063
Treatment,1063
Treatment,1063
Treatment,1063
Treatment,1063
Treatment,1063
Treatment,1063
Treatment,1063
Treatment,1063
Treatment,1063
Treatment,1063
Treatment,1063
Treatment,1063
Treatment,1063
Treatment,1063
Treatment,1063
Treatment,1063
Treatment,1063
Treatment,1063
Treatment,1063
Treatment,1063
Treatment,1063
Treatment,1063
Treatment,1063
Treatment,1063
Treatment,1063
Treatment,1063
Treatment,1063
Treatment,1063
Treatment,1063
Treatment,1063
Treatment,1063
Treatment,1063
Treatment,1063
Treatment,1063
Treatment,1063
Treatment,1063
Treatment,1063
Treatment,1063
Treatment,1063
Treatment,1063
Treatment,1063
Treatment,1063
Treatment,1063
Treatment,1063
Treatment,1063
Treatment,1063
Treatment,1063
Treatment,1063
Treatment,1063
Treatment,1063
Treatment,1063
Treatment,1063
Treatment,1063
Treatment,1063
Treatment,1063
Treatment,1063
Treatment,1063
Treatment,1063
Treatment,1063
Treatment,1063
Treatment,1063
Treatment,1063
Treatment,1063
Treatment,1063
Treatment,1063
Treatment,1063
Treatment,1063
Treatment,1063
Treatment,1063
Treatment,1063
Treatment,1063
Treatment,1063
Treatment,1063
Treatment,1063
Treatment,1063
Treatment,1063
Treatment,1063
Treatment,1063
Treatment,1063
Treatment,1063
Treatment,1063
Treatment,1063
Treatment,1063
Treatment,1063
Treatment,1063
Treatment,1063
Treatment,1063
Treatment,1063
Treatment,1063
Treatment,1063
Treatment,1063
Treatment,1063
Treatment,1063
Treatment,1063
Treatment,1063
Treatment,1063
Treatment,1063
Treatment,1063
Treatment,1063
Treatment,1063
Treatment,1063
Treatment,1063
Treatment,1063
Treatment,1063
Treatment,1063
Treatment,1063
Treatment,1063
Treatment,1063
Treatment,1063
Treatment,1063
Treatment,1063
Treatment,1063
Treatment,1063
Treatment,1063
Treatment,1063
Treatment,1063
Treatment,1063
Treatment,1063
Treatment,1063
Treatment,1063
Treatment,1063
Treatment,1063
Treatment,1063
Treatment,1063
Treatment,1063
Treatment,1063
Treatment,1063
Treatment,1063
Treatment,1063
Treatment,1063
Treatment,1063
Treatment,1063
Treatment,1063
Treatment,1063
Treatment,1063
Treatment,1063
Treatment,1063
Treatment,1063
Treatment,1063
Treatment,1063
Treatment,1063
Treatment,1063
Treatment,1063
Treatment,1063
Treatment,1063
Treatment,1063
Treatment,1063
Treatment,1063
Treatment,1063
Treatment,1063
Treatment,1063
Treatment,1063
Treatment,1063
Treatment,1063
Treatment,1063
Treatment,1063
Treatment,1063
Treatment,1063
Treatment,1063
Treatment,1063
Treatment,1063
Treatment,1063
Treatment,1063
Treatment,1063
Treatment,1063
Treatment,1063
Treatment,1063
Treatment,1063
Treatment,1063
Treatment,1063
Treatment,1063
Treatment,1063
Treatment,1063
Treatment,1063
Treatment,1063
Treatment,1063
Treatment,1063
Treatment,1063
Treatment,1063
Treatment,1063
Treatment,1063
Treatment,1063
Treatment,1063
Treatment,1063
Treatment,1063
Treatment,1063
Treatment,1063
Treatment,1063
Treatment,1063
Treatment,1063
Treatment,1063
Treatment,1063
Treatment,1063
Treatment,1063
Treatment,1063
Treatment,1063
Treatment,1063
Treatment,1063
Treatment,1063
Treatment,1063
Treatment,1063
Treatment,1063
Treatment,1063
Treatment,1063
Treatment,1063
Treatment,1063
Treatment,1063
Treatment,1063
Treatment,1063
Treatment,1063
Treatment,1063
Treatment,1063
Treatment,1063
Treatment,1063
Treatment,1063
Treatment,1063
Treatment,1063
Treatment,1063
Treatment,1063
Treatment,1063
Treatment,1063
Treatment,1063
Treatment,1063
Treatment,1063
Treatment,1063
Treatment,1063
Treatment,1063
Treatment,1063
Treatment,1063
Treatment,1063
Treatment,1063
Treatment,1063
Treatment,1063
Treatment,1063
Treatment,1063
Treatment,1063
Treatment,1063
Treatment,1063
Treatment,1063
Treatment,1063
Treatment,1063
Treatment,1063
Treatment,1063
Treatment,1063
Treatment,1063
Treatment,1063
Treatment,1063
Treatment,1063
Treatment,1063
Treatment,1063
Treatment,1063
Treatment,1063
Treatment,1063
Treatment,1063
Treatment,1063
Treatment,1063
Treatment,1063
Treatment,1063
Treatment,1063
Treatment,1063
Treatment,1063
Treatment,1063
Treatment,1063
Treatment,1063
Treatment,1063
Treatment,1063
Treatment,1063
Treatment,1063
Treatment,1063
Treatment,1063
Treatment,1063
Treatment,1063
Treatment,1063
Treatment,1063
Treatment,1063
Treatment,1063
Treatment,1063
Treatment,1063
Treatment,1063
Treatment,1063
Treatment,1063
Treatment,1063
Treatment,1063
Treatment,1063
Treatment,1063
Treatment,1063
Treatment,1063
Treatment,1063
Treatment,1063
Treatment,1063
Treatment,1063
Treatment,1063
Treatment,1063
Treatment,1063
Treatment,1063
Treatment,1063
Treatment,1063
Treatment,1063
Treatment,1063
Treatment,1063
Treatment,1063
Treatment,1063
Treatment,1063
Treatment,1063
Treatment,1063
Treatment,1063
Treatment,1063
Treatment,1063
Treatment,1063
Treatment,1063
Treatment,1063
Treatment,1063
Treatment,1063
Treatment,1063
Treatment,1063
Treatment,1063
Treatment,1063
Treatment,1063
Treatment,1063
Treatment,1063
Treatment,1063
Treatment,1063
Treatment,1063
Treatment,1063
Treatment,1063
Treatment,1063
Treatment,1063
Treatment,1063
Treatment,1063
Treatment,1063
Treatment,1063
Treatment,1063
Treatment,1063
Treatment,1063
Treatment,1063
Treatment,1063
Treatment,1063
Treatment,1063
Treatment,1063
Treatment,1063
Treatment,1063
Treatment,1063
Treatment,1063
Treatment,1063
Treatment,1063
Treatment,1063
Treatment,1063
Treatment,1063
Treatment,1063
Treatment,1063
Treatment,1063
Treatment,1063
Treatment,1063
Treatment,1063
Treatment,1063
Treatment,1063
Treatment,1063
Treatment,1063
Treatment,1063
Treatment,1063
Treatment,1063
Treatment,1063
Treatment,1063
Treatment,1063
Treatment,1063
Treatment,1063
Treatment,1063
Treatment,1063
Treatment,1063
Treatment,1063
Treatment,1063
Treatment,1063
Treatment,1063
Treatment,1063
Treatment,1063
Treatment,1063
Treatment,1063
Treatment,1063
Treatment,1063
Treatment,1063
Treatment,1063
Treatment,1063
Treatment,1063
Treatment,1063
Treatment,1063
Treatment,1063
Treatment,1063
Treatment,1063
Treatment,1063
Treatment,1063
Treatment,1063
Treatment,1063
Treatment,1063
Treatment,1063
Treatment,1063
Treatment,1063
Treatment,1063
Treatment,1063
Treatment,1063
Treatment,1063
Treatment,1063
Treatment,1063
Treatment,1063
Treatment,1063
Treatment,1063
Treatment,1063
Treatment,1063
Treatment,1063
Treatment,1063
Treatment,1063
Treatment,1063
Treatment,1063
Treatment,1063
Treatment,1063
Treatment,1063
Treatment,1063
Treatment,1063
Treatment,1063
Treatment,1063
Treatment,1063
Treatment,1063
Treatment,1063
Treatment,1063
Treatment,1063
Treatment,1063
Treatment,1063
Treatment,1063
Treatment,1063
Treatment,1063
Treatment,1063
Treatment,1063
Treatment,1063
Treatment,1063
Treatment,1063
Treatment,1063
Treatment,1063
Treatment,1063
Treatment,1063
Treatment,1063
Treatment,1063
Treatment,1063
Treatment,1063
Treatment,1063
Treatment,1063
Treatment,1063
Treatment,1063
Treatment,1063
Treatment,1063
Treatment,1063
Treatment,1063
Treatment,1063
Treatment,1063
Treatment,1063
Treatment,1063
Treatment,1063
Treatment,1063
Treatment,1063
Treatment,1063
Treatment,1063
Treatment,1063
Treatment,1063
Treatment,1063
Treatment,1063
Treatment,1063
Treatment,1063
Treatment,1063
Treatment,1063
Treatment,1063
Treatment,1063
Treatment,1063
Treatment,1063
Treatment,1063
Treatment,1063
Treatment,1063
Treatment,1063
Treatment,1063
Treatment,1063
Treatment,1063
Treatment,1063
Treatment,1063
Treatment,1063
Treatment,1063
Treatment,1063
Treatment,1063
Treatment,1063
Treatment,1063
Treatment,1063
Treatment,1063
Treatment,1063
Treatment,1063
Treatment,1063
Treatment,1063
Treatment,1063
Treatment,1063
Treatment,1063
Treatment,1063
Treatment,1063
Treatment,1063
Treatment,1063
Treatment,1063
Treatment,1063
Treatment,1063
Treatment,1063
Treatment,1063
Treatment,1063
Treatment,1063
Treatment,1063
Treatment,1063
Treatment,1063
Treatment,1063
Treatment,1063
Treatment,1063
Treatment,1063
Treatment,1063
Treatment,1063
Treatment,1063
Treatment,1063
Treatment,1063
Treatment,1063
Treatment,1063
Treatment,1063
Treatment,1063
Treatment,1063
Treatment,1063
Treatment,1063
Treatment,1063
Treatment,1063
Treatment,1063
Treatment,1063
Treatment,1063
Treatment,1063
Treatment,1063
Treatment,1063
Treatment,1063
Treatment,1063
Treatment,1063
Treatment,1063
Treatment,1063
Treatment,1063
Treatment,1063
Treatment,1063
Treatment,1063
Treatment,1063
Treatment,1063
Treatment,1063
Treatment,1063
Treatment,1063
Treatment,1063
Treatment,1063
Treatment,1063
Treatment,1063
Treatment,1063
Treatment,1063
Treatment,1063
Treatment,1063
Treatment,1063
Treatment,1063
Treatment,1063
Treatment,1063
Treatment,1063
Treatment,1063
Treatment,1063
Treatment,1063
Treatment,1063
Treatment,1063
Treatment,1063
Treatment,1063
Treatment,1063
Treatment,1063
Treatment,1063
Treatment,1063
Treatment,1063
Treatment,1063
Treatment,1063
Treatment,1063
Treatment,1063
Treatment,1063
Treatment,1063
Treatment,1063
Treatment,1063
Treatment,1063
Treatment,1063
Treatment,1063
Treatment,1063
Treatment,1063
Treatment,1063
Treatment,1063
Treatment,1063
Treatment,1063
Treatment,1063
Treatment,1063
Treatment,1063
Treatment,1063
Treatment,1063
Treatment,1063
Treatment,1063
Treatment,1063
Treatment,1063
Treatment,1063
Treatment,1063
Treatment,1063
Treatment,1063
Treatment,1063
Treatment,1063
Treatment,1063
Treatment,1063
Treatment,1063
Treatment,1063
Treatment,1063
Treatment,1063
Treatment,1063
Treatment,1063
Treatment,1063
Treatment,1063
Treatment,1063
Treatment,1063
Treatment,1063
Treatment,1063
Treatment,1063
Treatment,1063
Treatment,1063
Treatment,1063
Treatment,1063
Treatment,1063
Treatment,1063
Treatment,1063
Treatment,1063
Treatment,1063
Treatment,1063
Treatment,1063
Treatment,1063
Treatment,1063
Treatment,1087
Treatment,1087
Treatment,1087
Treatment,1087
Treatment,1087
Treatment,1087
Treatment,1087
Treatment,1087
Treatment,1087
Treatment,1087
Treatment,1087
Treatment,1087
Treatment,1087
Treatment,1087
Treatment,1087
Treatment,1087
Treatment,1087
Treatment,1087
Treatment,1087
Treatment,1087
Treatment,1087
Treatment,1087
Treatment,1087
Treatment,1087
Treatment,1087
Treatment,1087
Treatment,1087
Treatment,1087
Treatment,1087
Treatment,1087
Treatment,1087
Treatment,1087
Treatment,1087
Treatment,1087
Treatment,1087
Treatment,1087
Treatment,1087
Treatment,1087
Treatment,1087
Treatment,1087
Treatment,1087
Treatment,1087
Treatment,1087
Treatment,1087
Treatment,1087
Treatment,1087
Treatment,1087
Treatment,1087
Treatment,1087
Treatment,1087
Treatment,1087
Treatment,1087
Treatment,1087
Treatment,1087
Treatment,1087
Treatment,1087
Treatment,1087
Treatment,1087
Treatment,1087
Treatment,1087
Treatment,1087
Treatment,1087
Treatment,1087
Treatment,1087
Treatment,1087
Treatment,1087
Treatment,1087
Treatment,1087
Treatment,1087
Treatment,1087
Treatment,1087
Treatment,1087
Treatment,1087
Treatment,1087
Treatment,1087
Treatment,1087
Treatment,1087
Treatment,1087
Treatment,1087
Treatment,1087
Treatment,1087
Treatment,1087
Treatment,1087
Treatment,1087
Treatment,1087
Treatment,1087
Treatment,1087
Treatment,1087
Treatment,1087
Treatment,1087
Treatment,1087
Treatment,1087
Treatment,1087
Treatment,1087
Treatment,1087
Treatment,1087
Treatment,1087
Treatment,1087
Treatment,1087
Treatment,1087
Treatment,1087
Treatment,1087
Treatment,1087
Treatment,1087
Treatment,1087
Treatment,1087
Treatment,1087
Treatment,1087
Treatment,1087
Treatment,1087
Treatment,1087
Treatment,1087
Treatment,1087
Treatment,1087
Treatment,1087
Treatment,1087
Treatment,1087
Treatment,1087
Treatment,1087
Treatment,1087
Treatment,1087
Treatment,1087
Treatment,1087
Treatment,1087
Treatment,1087
Treatment,1087
Treatment,1087
Treatment,1087
Treatment,1087
Treatment,1087
Treatment,1087
Treatment,1087
Treatment,1087
Treatment,1087
Treatment,1087
Treatment,1087
Treatment,1087
Treatment,1087
Treatment,1087
Treatment,1087
Treatment,1087
Treatment,1087
Treatment,1087
Treatment,1087
Treatment,1087
Treatment,1087
Treatment,1087
Treatment,1087
Treatment,1087
Treatment,1087
Treatment,1087
Treatment,1087
Treatment,1087
Treatment,1087
Treatment,1087
Treatment,1087
Treatment,1087
Treatment,1087
Treatment,1087
Treatment,1087
Treatment,1087
Treatment,1087
Treatment,1087
Treatment,1087
Treatment,1087
Treatment,1087
Treatment,1087
Treatment,1087
Treatment,1087
Treatment,1087
Treatment,1087
Treatment,1087
Treatment,1087
Treatment,1087
Treatment,1087
Treatment,1087
Treatment,1087
Treatment,1087
Treatment,1087
Treatment,1087
Treatment,1087
Treatment,1087
Treatment,1087
Treatment,1087
Treatment,1087
Treatment,1087
Treatment,1087
Treatment,1087
Treatment,1087
Treatment,1087
Treatment,1087
Treatment,1087
Treatment,1087
Treatment,1087
Treatment,1087
Treatment,1087
Treatment,1087
Treatment,1087
Treatment,1087
Treatment,1087
Treatment,1087
Treatment,1087
Treatment,1087
Treatment,1087
Treatment,1087
Treatment,1087
Treatment,1087
Treatment,1087
Treatment,1087
Treatment,1087
Treatment,1087
Treatment,1087
Treatment,1087
Treatment,1087
Treatment,1087
Treatment,1087
Treatment,1087
Treatment,1087
Treatment,1087
Treatment,1087
Treatment,1087
Treatment,1087
Treatment,1087
Treatment,1087
Treatment,1087
Treatment,1087
Treatment,1087
Treatment,1087
Treatment,1087
Treatment,1087
Treatment,1087
Treatment,1087
Treatment,1087
Treatment,1087
Treatment,1087
Treatment,1087
Treatment,1087
Treatment,1087
Treatment,1087
Treatment,1087
Treatment,1087
Treatment,1087
Treatment,1087
Treatment,1087
Treatment,1087
Treatment,1087
Treatment,1087
Treatment,1087
Treatment,1087
Treatment,1087
Treatment,1087
Treatment,1087
Treatment,1087
Treatment,1087
Treatment,1087
Treatment,1087
Treatment,1087
Treatment,1087
Treatment,1087
Treatment,1087
Treatment,1087
Treatment,1087
Treatment,1087
Treatment,1087
Treatment,1087
Treatment,1087
Treatment,1087
Treatment,1087
Treatment,1087
Treatment,1087
Treatment,1087
Treatment,1087
Treatment,1087
Treatment,1087
Treatment,1087
Treatment,1087
Treatment,1087
Treatment,1087
Treatment,1087
Treatment,1087
Treatment,1087
Treatment,1087
Treatment,1087
Treatment,1087
Treatment,1087
Treatment,1087
Treatment,1087
Treatment,1087
Treatment,1087
Treatment,1087
Treatment,1087
Treatment,1087
Treatment,1087
Treatment,1087
Treatment,1087
Treatment,1087
Treatment,1087
Treatment,1087
Treatment,1087
Treatment,1087
Treatment,1087
Treatment,1087
Treatment,1087
Treatment,1087
Treatment,1087
Treatment,1087
Treatment,1087
Treatment,1087
Treatment,1087
Treatment,1087
Treatment,1087
Treatment,1087
Treatment,1087
Treatment,1087
Treatment,1087
Treatment,1087
Treatment,1087
Treatment,1087
Treatment,1087
Treatment,1087
Treatment,1087
Treatment,1087
Treatment,1087
Treatment,1087
Treatment,1087
Treatment,1087
Treatment,1087
Treatment,1087
Treatment,1087
Treatment,1087
Treatment,1087
Treatment,1087
Treatment,1087
Treatment,1087
Treatment,1087
Treatment,1087
Treatment,1087
Treatment,1087
Treatment,1087
Treatment,1087
Treatment,1087
Treatment,1087
Treatment,1087
Treatment,1087
Treatment,1087
Treatment,1087
Treatment,1087
Treatment,1087
Treatment,1087
Treatment,1087
Treatment,1087
Treatment,1087
Treatment,1087
Treatment,1087
Treatment,1087
Treatment,1087
Treatment,1087
Treatment,1087
Treatment,1087
Treatment,1087
Treatment,1087
Treatment,1087
Treatment,1087
Treatment,1087
Treatment,1087
Treatment,1087
Treatment,1087
Treatment,1087
Treatment,1087
Treatment,1087
Treatment,1087
Treatment,1087
Treatment,1087
Treatment,1087
Treatment,1087
Treatment,1087
Treatment,1087
Treatment,1087
Treatment,1087
Treatment,1087
Treatment,1087
Treatment,1087
Treatment,1087
Treatment,1087
Treatment,1087
Treatment,1087
Treatment,1087
Treatment,1087
Treatment,1087
Treatment,1087
Treatment,1087
Treatment,1087
Treatment,1087
Treatment,1087
Treatment,1087
Treatment,1087
Treatment,1087
Treatment,1087
Treatment,1087
Treatment,1087
Treatment,1087
Treatment,1087
Treatment,1087
Treatment,1087
Treatment,1087
Treatment,1087
Treatment,1087
Treatment,1087
Treatment,1087
Treatment,1087
Treatment,1087
Treatment,1087
Treatment,1087
Treatment,1087
Treatment,1087
Treatment,1087
Treatment,1087
Treatment,1087
Treatment,1087
Treatment,1087
Treatment,1087
Treatment,1087
Treatment,1087
Treatment,1087
Treatment,1087
Treatment,1087
Treatment,1087
Treatment,1087
Treatment,1087
Treatment,1087
Treatment,1087
Treatment,1087
Treatment,1087
Treatment,1087
Treatment,1087
Treatment,1087
Treatment,1087
Treatment,1087
Treatment,1087
Treatment,1087
Treatment,1087
Treatment,1087
Treatment,1087
Treatment,1087
Treatment,1087
Treatment,1087
Treatment,1087
Treatment,1087
Treatment,1087
Treatment,1087
Treatment,1087
Treatment,1087
Treatment,1087
Treatment,1087
Treatment,1087
Treatment,1087
Treatment,1087
Treatment,1087
Treatment,1087
Treatment,1087
Treatment,1087
Treatment,1087
Treatment,1087
Treatment,1087
Treatment,1087
Treatment,1087
Treatment,1087
Treatment,1087
Treatment,1087
Treatment,1087
Treatment,1087
Treatment,1087
Treatment,1087
Treatment,1087
Treatment,1087
Treatment,1087
Treatment,1087
Treatment,1087
Treatment,1087
Treatment,1087
Treatment,1087
Treatment,1087
Treatment,1087
Treatment,1087
Treatment,1087
Treatment,1087
Treatment,1087
Treatment,1087
Treatment,1087
Treatment,1087
Treatment,1087
Treatment,1087
Treatment,1087
Treatment,1087
Treatment,1087
Treatment,1087
Treatment,1087
Treatment,1087
Treatment,1087
Treatment,1087
Treatment,1087
Treatment,1087
Treatment,1087
Treatment,1087
Treatment,1087
Treatment,1087
Treatment,1087
Treatment,1087
Treatment,1087
Treatment,1087
Treatment,1087
Treatment,1087
Treatment,1087
Treatment,1087
Treatment,1087
Treatment,1087
Treatment,1087
Treatment,1087
Treatment,1087
Treatment,1087
Treatment,1087
Treatment,1087
Treatment,1087
Treatment,1087
Treatment,1087
Treatment,1087
Treatment,1087
Treatment,1087
Treatment,1087
Treatment,1087
Treatment,1087
Treatment,1087
Treatment,1087
Treatment,1087
Treatment,1087
Treatment,1087
Treatment,1087
Treatment,1087
Treatment,1087
Treatment,1087
Treatment,1087
Treatment,1087
Treatment,1087
Treatment,1087
Treatment,1087
Treatment,1087
Treatment,1087
Treatment,1087
Treatment,1087
Treatment,1087
Treatment,1087
Treatment,1087
Treatment,1087
Treatment,1087
Treatment,1087
Treatment,1087
Treatment,1087
Treatment,1087
Treatment,1087
Treatment,1087
Treatment,1087
Treatment,1087
Treatment,1087
Treatment,1087
Treatment,1087
Treatment,1087
Treatment,1087
Treatment,1087
Treatment,1087
Treatment,1087
Treatment,1087
Treatment,1087
Treatment,1087
Treatment,1087
Treatment,1087
Treatment,1087
Treatment,1087
Treatment,1087
Treatment,1087
Treatment,1087
Treatment,1087
Treatment,1087
Treatment,1087
Treatment,1087
Treatment,1087
Treatment,1087
Treatment,1087
Treatment,1087
Treatment,1087
Treatment,1087
Treatment,1087
Treatment,1087
Treatment,1087
Treatment,1087
Treatment,1087
Treatment,1087
Treatment,1087
Treatment,1087
Treatment,1087
Treatment,1087
Treatment,1087
Treatment,1087
Treatment,1087
Treatment,1087
Treatment,1087
Treatment,1087
Treatment,1087
Treatment,1087
Treatment,1087
Treatment,1087
Treatment,1087
Treatment,1087
Treatment,1087
Treatment,1087
Treatment,1087
Treatment,1087
Treatment,1087
Treatment,1087
Treatment,1087
Treatment,1087
Treatment,1087
Treatment,1087
Treatment,1087
Treatment,1087
Treatment,1087
Treatment,1087
Treatment,1087
Treatment,1087
Treatment,1087
Treatment,1087
Treatment,1087
Treatment,1087
Treatment,1087
Treatment,1087
Treatment,1087
Treatment,1087
Treatment,1087
Treatment,1087
Treatment,1087
Treatment,1087
Treatment,1087
Treatment,1087
Treatment,1087
Treatment,1087
Treatment,1087
Treatment,1087
Treatment,1087
Treatment,1087
Treatment,1087
Treatment,1087
Treatment,1087
Treatment,1087
Treatment,1087
Treatment,1087
Treatment,1087
Treatment,1087
Treatment,1087
Treatment,1087
Treatment,1087
Treatment,1087
Treatment,1087
Treatment,1087
Treatment,1087
Treatment,1087
Treatment,1087
Treatment,1087
Treatment,1087
Treatment,1087
Treatment,1087
Treatment,1087
Treatment,1087
Treatment,1087
Treatment,1087
Treatment,1087
Treatment,1087
Treatment,1087
Treatment,1087
Treatment,1087
Treatment,1087
Treatment,1087
Treatment,1087
Treatment,1087
Treatment,1087
Treatment,1087
Treatment,1087
Treatment,1087
Treatment,1087
Treatment,1087
Treatment,1087
Treatment,1087
Treatment,1087
Treatment,1087
Treatment,1087
Treatment,1087
Treatment,1087
Treatment,1087
Treatment,1087
Treatment,1087
Treatment,1087
Treatment,1087
Treatment,1087
Treatment,1087
Treatment,1087
Treatment,1087
Treatment,1087
Treatment,1087
Treatment,1087
Treatment,1087
Treatment,1087
Treatment,1087
Treatment,1087
Treatment,1087
Treatment,1087
Treatment,1087
Treatment,1087
Treatment,1087
Treatment,1087
Treatment,1087
Treatment,1087
Treatment,1087
Treatment,1087
Treatment,1087
Treatment,1087
Treatment,1087
Treatment,1087
Treatment,1087
Treatment,1087
Treatment,1087
Treatment,1087
Treatment,1087
Treatment,1087
Treatment,1087
Treatment,1087
Treatment,1087
Treatment,1087
Treatment,1087
Treatment,1087
Treatment,1087
Treatment,1087
Treatment,1087
Treatment,1087
Treatment,1087
Treatment,1087
Treatment,1087
Treatment,1087
Treatment,1087
Treatment,1087
Treatment,1087
Treatment,1087
Treatment,1087
Treatment,1087
Treatment,1087
Treatment,1087
Treatment,1087
Treatment,1087
Treatment,1087
Treatment,1087
Treatment,1087
Treatment,1087
Treatment,1087
Treatment,1087
Treatment,1087
Treatment,1087
Treatment,1087
Treatment,1087
Treatment,1087
Treatment,1087
Treatment,1087
Treatment,1087
Treatment,1087
Treatment,1087
Treatment,1087
Treatment,1087
Treatment,1087
Treatment,1087
Treatment,1087
Treatment,1087
Treatment,1087
Treatment,1087
Treatment,1087
Treatment,1087
Treatment,1087
Treatment,1087
Treatment,1087
Treatment,1087
Treatment,1087
Treatment,1087
Treatment,1087
Treatment,1087
Treatment,1087
Treatment,1087
Treatment,1087
Treatment,1087
Treatment,1087
Treatment,1087
Treatment,1087
Treatment,1087
Treatment,1087
Treatment,1087
Treatment,1087
Treatment,1087
Treatment,1087
Treatment,1087
Treatment,1087
Treatment,1087
Treatment,1087
Treatment,1087
Treatment,1087
Treatment,1087
Treatment,1087
Treatment,1087
Treatment,1087
Treatment,1087
Treatment,1087
Treatment,1087
Treatment,1087
Treatment,1087
Treatment,1087
Treatment,1087
Treatment,1087
Treatment,1087
Treatment,1087
Treatment,1087
Treatment,1087
Treatment,1087
Treatment,1087
Treatment,1087
Treatment,1087
Treatment,1087
Treatment,1087
Treatment,1087
Treatment,1087
Treatment,1087
Treatment,1087
Treatment,1087
Treatment,1087
Treatment,1087
Treatment,1087
Treatment,1087
Treatment,1087
Treatment,1087
Treatment,1087
Treatment,1087
Treatment,1087
Treatment,1087
Treatment,1087
Treatment,1087
Treatment,1087
Treatment,1087
Treatment,1087
Treatment,1087
Treatment,1087
Treatment,1087
Treatment,1087
Treatment,1087
Treatment,1087
Treatment,1087
Treatment,1087
Treatment,1087
Treatment,1087
Treatment,1087
Treatment,1087
Treatment,1087
Treatment,1087
Treatment,1087
Treatment,1087
Treatment,1087
Treatment,1087
Treatment,1087
Treatment,1087
Treatment,1087
Treatment,1087
Treatment,1087
Treatment,1087
Treatment,1087
Treatment,1087
Treatment,1087
Treatment,1087
Treatment,1087
Treatment,1087
Treatment,1087
Treatment,1087
Treatment,1087
Treatment,1087
Treatment,1087
Treatment,1087
Treatment,1087
Treatment,1087
Treatment,1087
Treatment,1087
Treatment,1087
Treatment,1087
Treatment,1087
Treatment,1087
Treatment,1087
Treatment,1087
Treatment,1087
Treatment,1087
Treatment,1087
Treatment,1087
Treatment,1087
Treatment,1087
Treatment,1087
Treatment,1087
Treatment,1087
Treatment,1087
Treatment,1087
Treatment,1087
Treatment,1087
Treatment,1087
Treatment,1087
Treatment,1087
Treatment,1087
Treatment,1087
Treatment,1087
Treatment,1087
Treatment,1087
Treatment,1087
Treatment,1087
Treatment,1087
Treatment,1087
Treatment,1087
Treatment,1087
Treatment,1087
Treatment,1087
Treatment,1087
Treatment,1087
Treatment,1087
Treatment,1087
Treatment,1087
Treatment,1087
Treatment,1087
Treatment,1087
Treatment,1087
Treatment,1087
Treatment,1087
Treatment,1087
Treatment,1087
Treatment,1087
Treatment,1087
Treatment,1087
Treatment,1087
Treatment,1087
Treatment,1087
Treatment,1087
Treatment,1087
Treatment,1087
Treatment,1087
Treatment,1087
Treatment,1087
Treatment,1087
Treatment,1087
Treatment,1087
Treatment,1087
Treatment,1087
Treatment,1092
Treatment,1092
Treatment,1092
Treatment,1092
Treatment,1092
Treatment,1092
Treatment,1092
Treatment,1092
Treatment,1092
Treatment,1092
Treatment,1092
Treatment,1092
Treatment,1092
Treatment,1092
Treatment,1092
Treatment,1092
Treatment,1092
Treatment,1092
Treatment,1092
Treatment,1092
Treatment,1092
Treatment,1092
Treatment,1092
Treatment,1092
Treatment,1092
Treatment,1092
Treatment,1092
Treatment,1092
Treatment,1092
Treatment,1092
Treatment,1092
Treatment,1092
Treatment,1092
Treatment,1092
Treatment,1092
Treatment,1092
Treatment,1092
Treatment,1092
Treatment,1092
Treatment,1092
Treatment,1092
Treatment,1092
Treatment,1092
Treatment,1092
Treatment,1092
Treatment,1092
Treatment,1092
Treatment,1092
Treatment,1092
Treatment,1092
Treatment,1092
Treatment,1092
Treatment,1092
Treatment,1092
Treatment,1092
Treatment,1092
Treatment,1092
Treatment,1092
Treatment,1092
Treatment,1092
Treatment,1092
Treatment,1092
Treatment,1092
Treatment,1092
Treatment,1092
Treatment,1092
Treatment,1092
Treatment,1092
Treatment,1092
Treatment,1092
Treatment,1092
Treatment,1092
Treatment,1092
Treatment,1092
Treatment,1092
Treatment,1092
Treatment,1092
Treatment,1092
Treatment,1092
Treatment,1092
Treatment,1092
Treatment,1092
Treatment,1092
Treatment,1092
Treatment,1092
Treatment,1092
Treatment,1092
Treatment,1092
Treatment,1092
Treatment,1092
Treatment,1092
Treatment,1092
Treatment,1092
Treatment,1092
Treatment,1092
Treatment,1092
Treatment,1092
Treatment,1092
Treatment,1092
Treatment,1092
Treatment,1092
Treatment,1092
Treatment,1092
Treatment,1092
Treatment,1092
Treatment,1092
Treatment,1092
Treatment,1092
Treatment,1092
Treatment,1092
Treatment,1092
Treatment,1092
Treatment,1092
Treatment,1092
Treatment,1092
Treatment,1092
Treatment,1092
Treatment,1092
Treatment,1092
Treatment,1092
Treatment,1092
Treatment,1092
Treatment,1092
Treatment,1092
Treatment,1092
Treatment,1092
Treatment,1092
Treatment,1092
Treatment,1092
Treatment,1092
Treatment,1092
Treatment,1092
Treatment,1092
Treatment,1092
Treatment,1092
Treatment,1092
Treatment,1092
Treatment,1092
Treatment,1092
Treatment,1092
Treatment,1092
Treatment,1092
Treatment,1092
Treatment,1092
Treatment,1092
Treatment,1092
Treatment,1092
Treatment,1092
Treatment,1092
Treatment,1092
Treatment,1092
Treatment,1092
Treatment,1092
Treatment,1092
Treatment,1092
Treatment,1092
Treatment,1092
Treatment,1092
Treatment,1092
Treatment,1092
Treatment,1092
Treatment,1092
Treatment,1092
Treatment,1092
Treatment,1092
Treatment,1092
Treatment,1092
Treatment,1092
Treatment,1092
Treatment,1092
Treatment,1092
Treatment,1092
Treatment,1092
Treatment,1092
Treatment,1092
Treatment,1092
Treatment,1092
Treatment,1092
Treatment,1092
Treatment,1092
Treatment,1092
Treatment,1092
Treatment,1092
Treatment,1092
Treatment,1092
Treatment,1092
Treatment,1092
Treatment,1092
Treatment,1092
Treatment,1092
Treatment,1092
Treatment,1092
Treatment,1092
Treatment,1092
Treatment,1092
Treatment,1092
Treatment,1092
Treatment,1092
Treatment,1092
Treatment,1092
Treatment,1092
Treatment,1092
Treatment,1092
Treatment,1092
Treatment,1092
Treatment,1092
Treatment,1092
Treatment,1092
Treatment,1092
Treatment,1092
Treatment,1092
Treatment,1092
Treatment,1092
Treatment,1092
Treatment,1092
Treatment,1092
Treatment,1092
Treatment,1092
Treatment,1092
Treatment,1092
Treatment,1092
Treatment,1092
Treatment,1092
Treatment,1092
Treatment,1092
Treatment,1092
Treatment,1092
Treatment,1092
Treatment,1092
Treatment,1092
Treatment,1092
Treatment,1092
Treatment,1092
Treatment,1092
Treatment,1092
Treatment,1092
Treatment,1092
Treatment,1092
Treatment,1092
Treatment,1092
Treatment,1092
Treatment,1092
Treatment,1092
Treatment,1092
Treatment,1092
Treatment,1092
Treatment,1092
Treatment,1092
Treatment,1092
Treatment,1092
Treatment,1092
Treatment,1092
Treatment,1092
Treatment,1092
Treatment,1092
Treatment,1092
Treatment,1092
Treatment,1092
Treatment,1092
Treatment,1092
Treatment,1092
Treatment,1092
Treatment,1092
Treatment,1092
Treatment,1092
Treatment,1092
Treatment,1092
Treatment,1092
Treatment,1092
Treatment,1092
Treatment,1092
Treatment,1092
Treatment,1092
Treatment,1092
Treatment,1092
Treatment,1092
Treatment,1092
Treatment,1092
Treatment,1092
Treatment,1092
Treatment,1092
Treatment,1092
Treatment,1092
Treatment,1092
Treatment,1092
Treatment,1092
Treatment,1092
Treatment,1092
Treatment,1092
Treatment,1092
Treatment,1092
Treatment,1092
Treatment,1092
Treatment,1092
Treatment,1092
Treatment,1092
Treatment,1092
Treatment,1092
Treatment,1092
Treatment,1092
Treatment,1092
Treatment,1092
Treatment,1092
Treatment,1092
Treatment,1092
Treatment,1092
Treatment,1092
Treatment,1092
Treatment,1092
Treatment,1092
Treatment,1092
Treatment,1092
Treatment,1092
Treatment,1092
Treatment,1092
Treatment,1092
Treatment,1092
Treatment,1092
Treatment,1092
Treatment,1092
Treatment,1092
Treatment,1092
Treatment,1092
Treatment,1092
Treatment,1092
Treatment,1092
Treatment,1092
Treatment,1092
Treatment,1092
Treatment,1092
Treatment,1092
Treatment,1092
Treatment,1092
Treatment,1092
Treatment,1092
Treatment,1092
Treatment,1092
Treatment,1092
Treatment,1092
Treatment,1092
Treatment,1092
Treatment,1092
Treatment,1092
Treatment,1092
Treatment,1092
Treatment,1092
Treatment,1092
Treatment,1092
Treatment,1092
Treatment,1092
Treatment,1092
Treatment,1092
Treatment,1092
Treatment,1092
Treatment,1092
Treatment,1092
Treatment,1092
Treatment,1092
Treatment,1092
Treatment,1092
Treatment,1092
Treatment,1092
Treatment,1092
Treatment,1092
Treatment,1092
Treatment,1092
Treatment,1092
Treatment,1092
Treatment,1092
Treatment,1092
Treatment,1092
Treatment,1092
Treatment,1092
Treatment,1092
Treatment,1092
Treatment,1092
Treatment,1092
Treatment,1092
Treatment,1092
Treatment,1092
Treatment,1092
Treatment,1092
Treatment,1092
Treatment,1092
Treatment,1092
Treatment,1092
Treatment,1092
Treatment,1092
Treatment,1092
Treatment,1092
Treatment,1092
Treatment,1092
Treatment,1092
Treatment,1092
Treatment,1092
Treatment,1092
Treatment,1092
Treatment,1092
Treatment,1092
Treatment,1092
Treatment,1092
Treatment,1092
Treatment,1092
Treatment,1092
Treatment,1092
Treatment,1092
Treatment,1092
Treatment,1092
Treatment,1092
Treatment,1092
Treatment,1092
Treatment,1092
Treatment,1092
Treatment,1092
Treatment,1092
Treatment,1092
Treatment,1092
Treatment,1092
Treatment,1092
Treatment,1092
Treatment,1092
Treatment,1092
Treatment,1092
Treatment,1092
Treatment,1092
Treatment,1092
Treatment,1092
Treatment,1092
Treatment,1092
Treatment,1092
Treatment,1092
Treatment,1092
Treatment,1092
Treatment,1092
Treatment,1092
Treatment,1092
Treatment,1092
Treatment,1092
Treatment,1092
Treatment,1092
Treatment,1092
Treatment,1092
Treatment,1092
Treatment,1092
Treatment,1092
Treatment,1092
Treatment,1092
Treatment,1092
Treatment,1092
Treatment,1092
Treatment,1092
Treatment,1092
Treatment,1092
Treatment,1092
Treatment,1092
Treatment,1092
Treatment,1092
Treatment,1092
Treatment,1092
Treatment,1092
Treatment,1092
Treatment,1092
Treatment,1092
Treatment,1092
Treatment,1092
Treatment,1092
Treatment,1092
Treatment,1092
Treatment,1092
Treatment,1092
Treatment,1092
Treatment,1092
Treatment,1092
Treatment,1092
Treatment,1092
Treatment,1092
Treatment,1092
Treatment,1092
Treatment,1092
Treatment,1092
Treatment,1092
Treatment,1092
Treatment,1092
Treatment,1092
Treatment,1092
Treatment,1092
Treatment,1092
Treatment,1092
Treatment,1092
Treatment,1092
Treatment,1092
Treatment,1092
Treatment,1092
Treatment,1092
Treatment,1092
Treatment,1092
Treatment,1092
Treatment,1092
Treatment,1092
Treatment,1092
Treatment,1092
Treatment,1092
Treatment,1092
Treatment,1092
Treatment,1092
Treatment,1092
Treatment,1092
Treatment,1092
Treatment,1092
Treatment,1092
Treatment,1092
Treatment,1092
Treatment,1092
Treatment,1092
Treatment,1092
Treatment,1092
Treatment,1092
Treatment,1092
Treatment,1092
Treatment,1092
Treatment,1092
Treatment,1092
Treatment,1092
Treatment,1092
Treatment,1092
Treatment,1092
Treatment,1092
Treatment,1092
Treatment,1092
Treatment,1092
Treatment,1092
Treatment,1092
Treatment,1092
Treatment,1092
Treatment,1092
Treatment,1092
Treatment,1092
Treatment,1092
Treatment,1092
Treatment,1092
Treatment,1092
Treatment,1092
Treatment,1092
Treatment,1092
Treatment,1092
Treatment,1092
Treatment,1092
Treatment,1092
Treatment,1092
Treatment,1092
Treatment,1092
Treatment,1092
Treatment,1092
Treatment,1092
Treatment,1092
Treatment,1092
Treatment,1092
Treatment,1092
Treatment,1092
Treatment,1092
Treatment,1092
Treatment,1092
Treatment,1092
Treatment,1092
Treatment,1092
Treatment,1092
Treatment,1092
Treatment,1092
Treatment,1092
Treatment,1092
Treatment,1092
Treatment,1092
Treatment,1092
